news_body,news_source,news_thread,news_time,news_title,news_url,source_url
"用微信扫码二维码,分享至好友和朋友圈,
                        （原标题：习近平在江泽民同志追悼大会上致悼词）
                    ,
	,
	,
						,
						,
					,12月6日上午10时，党中央、全国人大常委会、国务院、全国政协、中央军委在北京人民大会堂隆重举行江泽民同志追悼大会。,习近平在江泽民同志追悼大会上致悼词。",央视新闻客户端,HNTGQKEI000189FH.html?clickfrom,2022-12-06 12:52:22,习近平在江泽民同志追悼大会上致悼词,https://www.163.com/news/article/HNTGQKEI000189FH.html?clickfrom=w_yw,https://content-static.cctvnews.cctv.com/snow-book/index.html?item_id=14696331977324846705&toc_style_id=feeds_default&share_to=wechat&track_id=ff0ef4dc-3787-4ae3-a2b1-99a71cdaaa99
"用微信扫码二维码,分享至好友和朋友圈,
                        （原标题：细化防控要求 将对民众生活的影响降到最低）
                    ,当前主要流行毒株BF.7传播力强、隐匿性强，对此绝不可以掉以轻心。全国多地之所以在最近一段时间不断优化防控政策，都是基于当地整体疫情态势稳中趋缓所作出的科学判断，并根据中央疫情防控有关精神，精准分区分级分类优化疫情防控措施，在努力遏制疫情传播的同时，尽可能地将对民众生活的影响降到最低。这些优化后的防控措施，都十分具体且有针对性，所解决的均是事关民众日常生活中所常遇到的问题。,基于对奥密克戎毒株的精准科学认识，当前疫情防控政策正不断调整，秉持着“走小步、不停步”的理念，向着为广大民众身体健康着想的方向努力优化。这些细化修改过后的新措施新政策上线施行以来，获得了很多民众的认可。“疫情要防住、经济要稳住、发展要安全”，精准防控政策让广大市场主体收获了暖意。不少地方还持续推出优待政策，对商户暂停营业期间的租金、管理费实行减免政策，与广大商户共克时艰，为的就是进一步加大复工复产复市力度，让广大民众能够感受到熙熙攘攘的热闹氛围。许多地区重新恢复了往日的生活烟火气，为当地经济社会发展增添了活力。,短时间内，我们仍将处于疫情常态化防控之中。病毒要防，经济社会也要发展，生产生活秩序必须重回正轨。特别是在国家多次明确防疫政策不得“层层加码”时，个别地方仍旧存在过度防疫的举动，严重影响了当地民众的正常生活。这就意味着，当前疫情防控必须尊重科学、愈加精准，防控要求必须细化具体，便于民众理解，同时也要有利于后续政策开展落实和执行。尤其重要的是，相关防控政策必须充分考虑是否会给民众生产生活带来不便，全力做好生产生活服务保障，及时解决群众急难愁盼问题。,（作者：珠定，系媒体评论员）",光明日报,HNT54IG8000189FH.html?clickfrom,2022-12-06 09:28:05,细化防控要求 将对民众生活的影响降到最低,https://www.163.com/news/article/HNT54IG8000189FH.html?clickfrom=w_yw,https://app.gmdaily.cn/as/opened/n/303218b67bf44036809322c6f2327f03
"用微信扫码二维码,分享至好友和朋友圈,
                        （原标题：多国领导人赴我驻外使馆悼念江泽民同志逝世）
                    ,
	,
	,
						,
						,
					,近日多国领导人赴我驻外使馆，对江泽民同志逝世表示深切哀悼。,老挝人民革命党中央总书记、国家主席通伦·西苏里和老挝政府总理潘坎·维帕万到中国驻老挝使馆吊唁，表示江泽民同志为中国特色社会主义伟大事业作出卓著贡献，为新世纪老中关系发展发挥重要引领作用。,毛里求斯总统鲁蓬夫妇、总理贾格纳特分别到中国驻毛里求斯使馆吊唁。,格林纳达总督拉格雷纳德到中国驻格林纳达使馆吊唁。,尼加拉瓜总统奥尔特加和副总统穆里略委派议长波拉斯、外长蒙卡达，对华合作牵头人劳雷亚诺到中国驻尼加拉瓜使馆集体吊唁。,多米尼克总理斯凯里特夫妇到中国驻多米尼克使馆吊唁。",央视新闻客户端,HNTGSAN8000189FH.html?clickfrom,2022-12-06 12:53:18,多国领导人赴我驻外使馆悼念江泽民同志逝世,https://www.163.com/news/article/HNTGSAN8000189FH.html?clickfrom=w_yw,https://content-static.cctvnews.cctv.com/snow-book/index.html?item_id=6307524683536192562&toc_style_id=feeds_default&share_to=wechat&track_id=72150e5f-ba7b-467b-8ada-ce343e08dccf
"用微信扫码二维码,分享至好友和朋友圈,
                        （原标题：[朝闻天下]权威解读 奥密克戎感染跟流感症状非常相似）
                    ,
	,
	,
						,
						,
					,权威解读：奥密克戎感染跟流感症状非常相似。",央视影音,HNTBR5G4000189FH.html?clickfrom,2022-12-06 11:25:17,[朝闻天下]权威解读 奥密克戎感染跟流感症状非常相似,https://www.163.com/news/article/HNTBR5G4000189FH.html?clickfrom=w_yw,https://app.cctv.com/special/m/livevod/index.html?guid=bb0b7f62c46b432eb4be3ed0cb8f0e09&vtype=2&vsetId=C10598
"用微信扫码二维码,分享至好友和朋友圈,
                        （原标题：江泽民同志追悼大会举行 全体默哀）
                    ,
	,
	,
						,
						,
					,12月6日上午10时，党中央、全国人大常委会、国务院、全国政协、中央军委在北京人民大会堂隆重举行江泽民同志追悼大会。",央视新闻客户端,HNTAHK6F000189FH.html?clickfrom,2022-12-06 11:02:36,江泽民同志追悼大会举行 全体默哀,https://www.163.com/news/article/HNTAHK6F000189FH.html?clickfrom=w_yw,https://content-static.cctvnews.cctv.com/snow-book/index.html?t=1670292897643&toc_style_id=feeds_default&share_to=copy_url&track_id=88D937C2-FF79-41A1-A879-EFE0D604D718_691986068706&item_id=323116286616359398
"用微信扫码二维码,分享至好友和朋友圈,
                        （原标题：[朝闻天下]权威解读 重症病例比例低 多表现为基础病加重）
                    ,
	,
	,
						,
						,
					,权威解读：重症病例比例低，多表现为基础病加重。",央视影音,HNTBS8IO000189FH.html?clickfrom,2022-12-06 11:25:53,[朝闻天下]权威解读 重症病例比例低 多表现为基础病加重,https://www.163.com/news/article/HNTBS8IO000189FH.html?clickfrom=w_yw,https://app.cctv.com/special/m/livevod/index.html?guid=ea73f8fd9bf54c3ebc9e360ddcdcd336&vtype=2&vsetId=C10598
"用微信扫码二维码,分享至好友和朋友圈,
                        （原标题：[朝闻天下]权威解读 奥密克戎变异株毒力明显减弱）
                    ,
	,
	,
						,
						,
					,权威解读：奥密克戎变异株毒力明显减弱。",央视影音,HNTBQ18T000189FH.html?clickfrom,2022-12-06 11:24:40,[朝闻天下]权威解读 奥密克戎变异株毒力明显减弱,https://www.163.com/news/article/HNTBQ18T000189FH.html?clickfrom=w_yw,https://app.cctv.com/special/m/livevod/index.html?guid=f63904ba4aa5432ab5f11b1d2227626d&vtype=2&vsetId=C10598
"用微信扫码二维码,分享至好友和朋友圈,
                        （原标题：谱写新时代人与自然和谐共生新华章）
                    ,习近平总书记在党的二十大报告中指出，中国式现代化是人与自然和谐共生的现代化。尊重自然、顺应自然、保护自然，是全面建设社会主义现代化国家的内在要求。党的十八大以来，以习近平同志为核心的党中央大力推进生态文明建设，积极探索人与自然和谐共生之路，系统形成习近平生态文明思想，进一步丰富和拓展了现代化的内涵与外延，不断丰富和发展了人类文明新形态。我们要深入学习领会，坚持好、运用好贯穿其中的马克思主义立场观点方法，奋力谱写新时代人与自然和谐共生新华章。,生态文明建设取得历史性成就,在实践基础上创立的习近平生态文明思想，为实现人与自然和谐共生的现代化提供了科学指引和根本遵循。在习近平生态文明思想的科学引领下，我们攻克了生态环境领域许多长期没有解决的难题，办成了许多事关长远的大事要事，美丽中国建设迈出重大步伐，创造了举世瞩目的生态奇迹和绿色发展奇迹。,过去十年，我国以年均3%的能源消费增速支撑了平均6.6%的经济增长；全国地级及以上城市细颗粒物（PM_2.5）年均值由2015年的46微克/立方米降至2021年的30微克/立方米，成为全球大气质量改善速度最快的国家；全国地表水优良断面比例达84.9%，接近发达国家水平；土壤污染风险得到有效管控，全面禁止洋垃圾入境，实现固体废物“零进口”目标。我国生态文明制度体系更加健全，污染防治攻坚向纵深推进，绿色、循环、低碳发展迈出坚实步伐，生态环境保护发生历史性、转折性、全局性变化。我们的祖国天更蓝、山更绿、水更清，人民群众生态环境获得感幸福感安全感持续增强。我国生态环境保护成就得到国际社会广泛认可，成为全球生态文明建设的重要参与者、贡献者、引领者。这些巨大成就，是新时代加快推进人与自然和谐共生的现代化的信心和力量之源。实践表明，只要坚持党的全面领导，坚持以习近平生态文明思想为指引，人与自然和谐共生的现代化必然能够实现。,科学研判当前形势,科学判断形势是我们党制定正确路线、方针、政策的基础，也是我国革命、建设和改革成功的宝贵经验。生态环境修复和改善，是一个需要付出长期艰苦努力的过程，不可能一蹴而就，必须坚持不懈、奋发有为。党的二十大报告在充分肯定党和国家事业取得举世瞩目成就的同时，也明确指出我们的工作还面临不少困难和问题，要求我们清醒看到“生态环境保护任务依然艰巨”。,习近平总书记强调，中国式现代化既有各国现代化的共同特征，更有基于自己国情的中国特色。其中之一就是我国现代化是人与自然和谐共生的现代化，注重同步推进物质文明建设和生态文明建设。促进人与自然和谐共生，是以习近平同志为核心的党中央对中国特色社会主义生态文明建设认识的新突破，是在更高层次上创造人类文明新形态的必然趋势。,建设生态文明是一场持久战，绝不是轻轻松松、敲锣打鼓就能实现的。习近平总书记指出，当前，我国生态文明建设仍然面临诸多矛盾和挑战，生态环境稳中向好的基础还不稳固，从量变到质变的拐点还没有到来，生态环境质量同人民群众对美好生活的期盼相比，同建设美丽中国的目标相比，同构建新发展格局、推动高质量发展、全面建设社会主义现代化国家的要求相比，都还有较大差距。从国内看，产业结构调整有一个过程，传统产业所占比重依然较高，战略性新兴产业、高技术产业尚未成长为经济增长的主导力量，能源结构没有得到根本性改变，重点区域、重点行业污染问题没有得到根本解决，实现碳达峰、碳中和任务艰巨，资源环境对发展的压力越来越大。从国际看，绿色经济已经成为全球产业竞争制高点，一些西方国家对我国大打“环境牌”，多方面对我国施压，围绕生态环境问题的大国博弈十分激烈。新征程上，我们要始终保持战略定力，保持“日拱一卒”的韧劲，坚定“滴水穿石”的执着，持之以恒推进生态文明建设。,建设人与自然和谐共生的现代化,党的二十大报告在充分肯定过去五年和新时代十年我国生态文明建设成就的基础上，深刻阐明中国式现代化是人与自然和谐共生的现代化，对推动绿色发展、促进人与自然和谐共生作出重大安排部署，为推进美丽中国建设指明了前进方向。面对新的形势任务，习近平总书记强调，统筹产业结构调整、污染治理、生态保护、应对气候变化，协同推进降碳、减污、扩绿、增长。我们要不断深化对人与自然和谐共生的规律性认识，坚持节约优先、保护优先、自然恢复为主的方针，努力建设人与自然和谐共生的现代化。,新使命呼唤新担当。奋力谱写新时代人与自然和谐共生新华章，必须完整、准确、全面贯彻新发展理念，加快发展方式绿色转型，加快推动产业结构、能源结构、交通运输结构等调整优化，实施全面节约战略，发展绿色低碳产业，推动形成绿色低碳的生产方式和生活方式。深入推进环境污染防治，坚持精准治污、科学治污、依法治污，保持力度、延伸深度、拓宽广度，以更高标准打好蓝天、碧水、净土保卫战，集中攻克老百姓身边的突出生态环境问题。提升生态系统多样性、稳定性、持续性，坚持山水林田湖草沙一体化保护和系统治理，加快实施重要生态系统保护和修复重大工程，实施生物多样性保护重大工程，建立生态产品价值实现机制。积极稳妥推进碳达峰碳中和，认真落实碳达峰、碳中和“1＋N”政策体系，深入推进能源革命，推动能源清洁低碳高效利用，健全碳排放权市场交易制度，积极参与应对气候变化全球治理。",经济日报,HNT5BUL1000189FH.html?clickfrom,2022-12-06 09:32:07,谱写新时代人与自然和谐共生新华章,https://www.163.com/news/article/HNT5BUL1000189FH.html?clickfrom=w_yw,https://proapi.jingjiribao.cn/readnews.html?id=278186
"用微信扫码二维码,分享至好友和朋友圈,
                        （原标题：聚才到边疆 奋斗建功业）
                    ,初冬，中国与哈萨克斯坦边界上的新疆霍尔果斯市天地成一色，白雪满墙。在苍苍茫茫散落的玉尘间，这座隋唐时便是古代丝绸之路上重要驿站的小城，如春风吹拂，到处都洋溢着干事创业的勃勃生机。,机关办公楼前，霍尔果斯市科技局党组书记、局长张淼刚刚走出大门，便紧了紧大衣的领口，准备前往工业园区调研了解企业创新发展需求。“创新驱动，政策先行，我们就是企业的‘店小二’。”张淼边走边为记者介绍，“霍尔果斯正积极抢抓‘一带一路’发展机遇，没有好的营商环境，就不能让科技真正成为经济高质量发展的支撑。”,作为一名土生土长的浙江杭州人，张淼本是浙江财经大学创业学院副院长，参加柔性援疆工作期间，深深爱上了祖国西北边疆的土地，最终主动放弃了江南水乡的优裕生活，通过伊犁州“伊犁英才”高层次紧缺人才引进计划，选择来到霍尔果斯任职。不到一年的时间里，他已带领当地创建国家高新技术企业11家、组织申报科技计划项目40个。,栽下梧桐树，引得凤凰来。受益于霍尔果斯市“努力营造人才发展良好环境，推动人才队伍建设”方针，小小口岸集聚起了诸多爱国奉献的各方面优秀人才。“我们公司刚起步，加入大学生创业园，政府为我们提供场地，水、电、暖等费用都有减免。我们真是来对了创业的好地方！”已经入驻大学生创业园的霍尔果斯市中郎文化传媒有限公司负责人王隆说。,“党的二十大报告指出‘深入实施人才强国战略’‘坚持尊重劳动、尊重知识、尊重人才、尊重创造’‘把各方面优秀人才集聚到党和人民事业中来’。”霍尔果斯经济开发区党工委委员、市委副书记、组织部部长李兆刚说，“人才，是经济高质量发展最重要的‘引擎’，张淼同志正是援疆奉献者的一个缩影。建设好边疆，需要我们打造更好引才聚才‘磁力场’、搭建育才用才‘主阵地’、构筑重才留才‘生态圈’，才能吸引更多优秀人才扎根边疆、奉献边疆。我们不仅要为有真才实学的人提供舞台，也要让霍尔果斯成为‘人人皆可成才’的土地。”,在各类援疆人才中，医疗队伍始终是最为特殊的存在，他们用专业护佑生命，用真情温暖患者，始终为人民群众的安全与健康倾情奉献。,“尽管来之前做了充分思想准备和前期调研，但是现实情况还是远远超乎想象。霍尔果斯气候干燥，睡觉起来会流鼻血，我总会在夜深时思念远在家乡的爱人和孩子。”来自江苏省连云港市的霍尔果斯人民医院副院长李伟湿润了眼眶，“个人的苦是小事，群众的困难才是我们心头的大事。”,由于霍尔果斯周边牧区人民群众的饮食习惯中，肉类及咸盐奶茶比例很大，导致高血压、糖尿病和胆囊结石等发病率较高，加上交通不便且缺乏基本卫生健康常识，往往在病情严重时才被动就医。,为了方便群众，李伟带领的援疆医疗专家团队持续开展农牧民义诊服务累计1000余人次。最远的一次，团队迎风踏雪，在悬崖边的泥泞小路上驱车3个多小时，为护边执勤点和边远牧区义诊。莫乎尔片区甲郎阿西定居点的牧民沙里山别克·介克山拜克是受益者之一，他的儿子和女儿均患有进行性四肢无力，儿子瘫痪在床、女儿出行艰难。得知情况，医疗团队第一时间在线上与连云港第一人民医院远程会诊，通过结合线下治疗、定期为患病孩子随诊，同时组织捐款并免除他们相关医疗费用，不仅让孩子病情有所缓解，也为沙里山别克减轻了极大经济负担。,“这是罕见的遗传性疾病，多亏了党和政府的关怀帮助，为我的孩子打开了新生的大门，我们全家也有了光明的未来。”沙里山别克握着医生的手，激动得热泪盈眶。,在日常工作中，援疆医疗专家团队还把“传帮带”作为工作的重要内容，努力培养一支留得下、干得好的医疗人才队伍。外科医生胡亚辉是李伟的“传帮带”徒弟之一，在李伟毫无保留的培养下，如今已经能在外科手术中独当一面。,“新疆与内地医疗水平有方方面面的差距，但人才是最重要的一个。既输血又造血、既管当前又谋长远，我院现在门诊数量增加2000余人次、住院病人增加近500余人次，扎扎实实地提升了霍尔果斯各族群众的幸福感和满意度。”胡亚辉说。",光明日报,HNT5A5SM000189FH.html?clickfrom,2022-12-06 09:31:09,聚才到边疆 奋斗建功业,https://www.163.com/news/article/HNT5A5SM000189FH.html?clickfrom=w_yw,https://app.gmdaily.cn/as/opened/n/1eec6e62bc0245bc97dc5fb4ff7416e8
"用微信扫码二维码,分享至好友和朋友圈,
                        （原标题：江西多措并举—— 努力做到生产防疫两不误（高效统筹疫情防控和经济社会发展））
                    ,本报南昌12月5日电 （记者郑少忠、周欢）机器轰鸣、车辆穿梭，在江西省景德镇市高新区智慧（数字经济）产业园，工人正紧张施工，一片火热景象。“本轮疫情发生以来，项目部实行闭环式管理，生产防疫两不误，有效保障了项目进度。”景德镇国新建设工程有限公司项目部负责人程国柱介绍，目前项目已完成90%，预计年底完工。,建立“一企一人”挂点联络制度，开展跟踪服务，及时了解企业生产经营情况；全力做好防控物资保障供应，确保物资储备到位……景德镇统筹做好疫情防控和安全生产，力争重大项目不停工、重点企业不停产、产业招商不断档。,“疫情期间，我们主动上门摸排企业用工需求，积极开展网络招聘会、直播带岗等活动。实行审批‘不见面’、咨询‘在线答’、特殊需求‘预约办’，全力帮助企业纾困解难。”景德镇高新区企业服务中心主任胡桂珍介绍。,江西省委、省政府全面落实“疫情要防住、经济要稳住、发展要安全”要求，高效统筹疫情防控和经济社会发展，努力完成全年经济社会发展目标任务。,“为帮助企业渡过疫情难关，今年以来，江西省出台降本增效‘30条’、帮助中小企业纾困解难‘28条’、切实稳住经济发展‘43条’等一系列政策措施。积极搭建政企沟通平台，领导干部进园入企‘挂点帮扶’，实现103个开发区以及1.5万家规上工业企业全覆盖。同时，加强监测，及时破解苗头性、倾向性问题。”江西省发改委有关负责人介绍，惠企政策为市场主体送上及时雨，预计全年减负超2000亿元。,江西省确定了有色金属、家具、汽车等14条重点产业链。“受疫情影响，部分链上企业在物流、资金、用工等方面问题较多，我们集中梳理相关问题，多方施策，尤其是针对企业运输受阻问题，采取全天候应急协调保障机制。目前，物流、用工和资金问题办结率分别为99.7%、94.7%、92.1%。”江西省工信厅有关负责人介绍。,近日，南昌市迎来寒潮降温天气，但在赣江复兴大桥抚州大街西岸梁场，施工热度不减，塔吊林立，混凝土搅拌车往来穿梭。项目经理刘治说：“现浇梁施工是关键节点性工程，我们正紧张施工，保障大桥2023年底顺利通车。”为保障项目建设，南昌市加强防疫指导和服务保障，一手抓疫情防控、一手抓生产建设。选派70名企业特派员深入一线，协调解决疫情期间原材料采购、货物运输、人员到岗等事项。,江西坚持“项目为王”理念，持续打好工业、农业、服务业、重大基础设施、新基建、公共服务六大领域“项目大会战”。疫情期间，努力做到“在建项目不停、施工强度不降、开工时间不拖、协调力度不减、项目谋划不断”。目前，全省重点项目和续建项目完成投资均已达到年度计划。今年1—10月，全省亿元以上施工项目9736个，较上年同期增加1299个，亿元以上施工项目完成投资同比增长12.2%。",人民日报,HNT55V45000189FH.html?clickfrom,2022-12-06 09:28:51,江西多措并举——努力做到生产防疫两不误（高效统筹疫情防控和经济社会发展）,https://www.163.com/news/article/HNT55V45000189FH.html?clickfrom=w_yw,https://wap.peopleapp.com/article/6943267/6803589
"用微信扫码二维码,分享至好友和朋友圈,
                        （原标题：全国秋粮收购累计超七千万吨 收购进度快于去年同期）
                    ,本报北京12月5日电 （记者杜海涛）国家粮食和物资储备局最新发布，秋粮上市以来，秋粮收购各项工作正在全面有序推进。截至11月30日，主产区各类粮食企业累计收购秋粮7035万吨，同比增加537万吨，收购进度明显快于去年同期。,当前，南方处于收购高峰，中晚稻收购进度已近七成；东北、华北正在集中上量，东北地区中晚稻、玉米收购进度分别在四成和两成左右，华北地区玉米收购进度在三成左右。加工企业积极补库，储备企业启动轮换，贸易企业看好后市，市场收购较为活跃，市场化收购数量占比超过95%。,国家粮食和物资储备局相关负责人表示，秋粮收购是全年粮食收购的重中之重，事关种粮农民切身利益，事关粮食安全大局和经济社会发展全局。各级粮食和储备部门及有关企业要进一步提高政治站位，胸怀“国之大者”，以更高标准、更实举措、更严要求，全力抓好秋粮收购工作。,此前，国家粮食和物资储备局专门召开全国秋粮收购工作会议，要求各级粮食和储备部门及有关企业坚持底线思维和问题导向，多措并举、真抓实干，不折不扣落实各项收购政策措施。一要认真开展市场化收购和政策性收购。因地制宜制定收购工作方案和应对预案，引导多元主体积极入市，扩大市场化购销。二要持续优化为农为企服务。统筹疫情防控和秋粮收购等工作，进一步优化收购流程，积极开展预约收购、订单收购，切实提升收购服务水平。加强粮食产后服务和科学储粮指导。三要全力保障市场平稳运行。密切跟踪市场变化，加强形势分析研判，及时发布收购进度、价格等信息；强化政策宣传解读，主动回应社会关切，引导市场主体有序购销。统筹做好粮源组织调度，注重发挥储备吞吐调节作用，保障市场稳定供应。四要切实强化收购监督检查。加大粮食收购检查力度，维护良好市场秩序。压实企业安全生产主体责任，坚决防范粮食储存和安全生产事故发生。",人民日报,HNT4TK9P000189FH.html?clickfrom,2022-12-06 09:24:18,全国秋粮收购累计超七千万吨 收购进度快于去年同期,https://www.163.com/news/article/HNT4TK9P000189FH.html?clickfrom=w_yw,https://wap.peopleapp.com/article/6943290/6803612
"用微信扫码二维码,分享至好友和朋友圈,
                        （原标题：焦点访谈：保护生物多样性 中国在行动）
                    ,
	,
	,
						,
						,
					,央视网消息（焦点访谈）：12月7日，《生物多样性公约》缔约方大会第十五次会议（COP15）第二阶段会议即将在公约秘书处所在地——加拿大蒙特利尔开幕，中国将继续作为主席国，领导大会实质性和政治性事务。回顾第一阶段会议，成果丰硕，不仅达成了《昆明宣言》，中方还做出了成立第一批国家公园等重要举措。作为中国的一项生物多样性保护创新举措，我们的国家公园建设成效怎么样？作为生物多样性非常丰富的国家，近年来，中国为守护地球生命共同体还做出过哪些努力呢？,2021年10月，《生物多样性公约》缔约方大会第十五次会议第一阶段会议在中国昆明举办。会上中方宣布设立三江源、大熊猫等首批5个国家公园，并成立昆明生物多样性基金，这一系列务实的东道国举措为全球生物多样性治理进程注入推动力。,生态环境部自然生态保护司司长崔书红：“《昆明宣言》为2020年后全球生物多样性框架制定奠定了政治基础，指明了方向。第一批5个国家公园已经对外正式宣布，北京、广州国家植物园已经挂牌，并正式对公众开放。生物多样性保护顶层设计主流化方面，应该说过去一年脚步非常扎实，成效也非常显著。”,在海南热带雨林国家公园的智慧雨林中心，智能监测系统全天候观测着公园内野生动物的活动情况。,海南热带雨林国家公园是去年COP15第一阶段会议上中方对外宣布成立的首批5个国家公园之一。公园涉及9个地市县，共4269平方公里，整合了20个原有的自然保护地。,海南热带雨林国家公园管理局副局长王楠：“在历史上我们开展了一些采伐，导致生态系统破坏、退化。基于这些考虑，在海南岛八分之一的土地上整合划设了这么一个国家公园，主要是保护热带雨林生态系统，还有像海南长臂猿等重点珍稀濒危野生动植物。”,每天清晨，海南热带雨林国家公园的长臂猿监测队员都要顺着长臂猿的叫声寻找它们活动的位置，并对它们的生活进行监测和记录。今年4月12日，公园管理局宣布：海南长臂猿D群又有1只婴猿出生。监测队员郑海强回忆当时发现小猿猴的情形依然略带着兴奋。,海南热带雨林国家公园研究院副院长汪继超：“从海南长臂猿来讲，这些年不断有新婴猿出生，预示着这个种群的动态是向着好的方向在演进。”,海南长臂猿是国家一级保护野生动物，被世界自然保护联盟列入“极度濒危”物种名录，目前仅存5群36只。上世纪70年代末，海南长臂猿种群数量一度降至2群7-9只。这一物种甚至曾一度被怀疑已经灭绝。,汪继超：“在当时的生产生活方式条件下，大量毁林开荒，种植人工经济林以及对海南长臂猿的一些猎捕，造成整个种群数量急剧下降。”,上世纪80年代开始，海南长臂猿的栖息地保护逐步得到重视。近年来，长臂猿栖息地的保护力度不断加强，保护范围不断扩大。,汪继超：“从最初设立的20多平方公里范围，到设立省级保护区的60多平方公里范围，到后来国家级保护区以后提升到300多平方公里范围，到今天国家公园的4269平方公里范围。”,国家公园是我国自然保护地体系中保护等级最高、生态价值最大、管控措施最严的生态区域。2015年开始在多地进行试点工作。2019年，海南热带雨林国家公园体制试点正式启动，把海南长臂猿保护工作上升到前所未有的高度。过去3年多时间里，海南热带雨林国家公园通过植被修复、封闭道路、建设空中廊道等措施，为海南长臂猿打造更宜居的家园。,汪继超：“进行生态修复，比如在一些人工林当中，补植一些海南长臂猿喜食的植物，同时在不同生境斑块之间构建一些生态廊道，使长臂猿能够在不同的生境当中进行拓展。”,除了改造长臂猿的栖息地，近年来，海南热带雨林国家公园还不断落实天然林保护政策，把伐木工转化成护林员、护猿人，加快智慧雨林系统建设。如今，海南长臂猿成为全球20种长臂猿中，唯一呈种群恢复状态的物种。预计到2035年，海南长臂猿个体数量可增至60至70只。,COP15第一阶段会议成果已经在实践中不断得到体现：大熊猫对着红外相机“直播”吃饭、睡觉，翘鼻麻鸭成为武夷山来访的“新客人”，三江源再现源头千湖美景。国家公园设立以来，生态保护力度不断加大，生态环境向好转变。,COP15第二阶段会议的目标是要达成“2020年后全球生物多样性框架”，来扭转全球生物多样性丧失的局面，实现人与自然和谐共生。作为会议主席国的中国，在生物多样性保护实践中也不断用行动来证明共建地球生命共同体的决心。,云猫的胆子非常小，是国家二级保护动物。它生性机警、行踪隐秘、数量稀少。在中国的首次记录是上世纪70年代在云南丽江，只是皮毛标本，时隔30多年，直到2014年底，高黎贡山国家级自然保护区的红外相机才再次发现了云猫。,云南高黎贡山国家级自然保护区保山管护局腾冲分局曲石站站长杨维春：“2014年，在整理红外相机照片的时候，发现了云猫这个物种。我们看它似猫但不是猫，它比猫个体大一些，它的花纹也比猫大一些，看它似豹也不是豹，它介于这两个物种之间，动物学专家看了照片鉴定出是云猫。”,最近几年来，保护区也多次发现了这个稀有物种的活动踪迹。,杨维春：“这几年，高黎贡山保护区取得了它530多张实体照片，通过鉴别可能是20多只个体。应该说它没有消失，只是以前可能环境有点不稳定或者遭到一定的破坏，它的数量比较少了。现在，高黎贡山植被恢复得比较好，所以它的种群数量也越来越多了，才被我们大量拍摄或者是监测到。”,云猫再现的背后，是栖息地生态环境的不断修复。除了各类保护修复措施，生态保护红线的划定起到了极大保障作用。党的十八大以来，中国将生物多样性保护上升为国家战略，推行一系列保护措施，其中，生态保护红线是一项关键举措，我国先后颁布了几十项文件，提出划定并严守生态保护红线，红线内禁止开发性、生产性建设活动。2019年，腾冲市启动生态保护红线划定工作，划定生态保护红线1567.88平方公里，占全市国土面积的27.52%，并将高黎贡山国家级自然保护区纳入生态保护红线范围。,云南腾冲市自然资源局副局长李富硕：“同时我们也（把保护区）纳入了国土空间规划一张图监管系统，作为国土空间规划用途管制、生态环境保护监督的重要内容，目的是为了构筑滇西生态生物安全屏障。”,云南高黎贡山国家级自然保护区保山管护局腾冲分局副局长黄湘元：“纳入生态红线以后，对高黎贡山的保护就会形成环保部门、自然资源部门、林草部门、保护区管理部门都有责任和义务保护好高黎贡山，使高黎贡山的保护得到了加强。”,如今高黎贡山自然保护区的森林覆盖率已经从之前的82.3%增加到93.7%，并不断发现新物种。不过，保护区划入生态红线的过程也并非一帆风顺。1986年建立自然保护区的时候，周边区域群众通过借山造林方式建设的一些集体农地或者是森林也被划入到保护区里面，生态红线划定后，群众不能从这些林地获得收益，于是纷纷提出意见。,云南保山市腾冲市曲石镇大坝社区党总支副书记段尚恒：“大家认为借山造林的林木是属于老百姓所有，虽然地是属于国家的，但是老百姓有很大的投入，他们要求高黎贡山自然保护区和有关政府给予解决林木借山造林遗留问题。”,黄湘元：“保护区2017年的时候，聘请了第三方对这些纳入到生态保护红线的集体林，按照当时市场价进行了评估，评审以后保山市人民政府和腾冲市人民政府对这些借山造林进行了赎买，把它赎买过来变成国有的，然后交由保护区进行保护和管理。”,这样的做法让林地得到有效保护的同时，也让百姓感受到了生态的效益。如今我国生态保护红线占陆地面积超过30%。有数据表明，我国生态红线保护的生态空间和自然空间能够保护90%重要生态系统的类型，并能够使74%重点动植物物种得到保护。,每年全球约三分之一的温室气体排放被自然生态系统吸收，一半以上的GDP总量依赖自然资源的贡献，保护生物多样性就是保护人类福祉。今天全球生物多样性正在加速丧失，这是人类所面临的共同挑战。中国正不断用实际行动，为世界贡献生物多样性治理的中国智慧、中国方案。在即将到来的COP15第二阶段会议上，中国将作为主席国协调各方，向着达成“2020年后全球生物多样性框架”而努力，与各国共建地球生命共同体，推动开启全球生物多样性治理新征程。",央视网,HNT58E3U000189FH.html?clickfrom,2022-12-06 09:30:12,焦点访谈：保护生物多样性 中国在行动,https://www.163.com/news/article/HNT58E3U000189FH.html?clickfrom=w_yw,https://news.cctv.com/2022/12/05/ARTIqI7I8kLXKfUR1lfiqnB5221205.shtml
"用微信扫码二维码,分享至好友和朋友圈,
                        （原标题：我国显示面板产业规模跃居全球第一）
                    ,本报北京12月5日电 （记者王政）记者日前从工信部获悉：作为数字时代信息呈现的主要载体和人机交互的基础窗口，近年来，我国新型显示产业不断跑出“加速度”、迈上“新台阶”，显示面板年产能达到2亿平方米，产业规模跃居全球第一，成为升级信息消费，壮大数字经济的重要力量。,产业规模跃居全球第一。我国新型显示产业保持高速增长态势，产业营收规模屡创新高。中国光学光电子行业协会液晶分会统计数据显示，2021年，我国显示行业产值约5868亿元，较10年前增长近8倍；显示面板出货面积约1.6亿平方米，较10年前增长7倍以上；产业规模与显示面板出货面积在全球市场的占比分别提升到36.9%和63.3%，成为全球第一。,关键核心技术不断取得突破。在LCD（液晶显示器）领域，国内企业已突破技术壁垒实现并跑，并在技术、产品、市场份额、成本、效率等方面形成领先竞争力，全球市占率超过70%。在OLED（有机发光二极管）领域，国内企业已掌握核心技术，并向高刷新率、像素排列等技术创新领域拓展，生产规模快速扩大。其中，中小型OLED市占率快速提升，统计显示，今年三季度，国产智能手机OLED面板市场份额已经占据全球市场的30%，比去年同期提升10个百分点。此外，在微显示、印刷显示、激光显示等新一代显示技术上，我国正在迎头赶上，技术和产业链突破在即。,显示赋能作用不断拓展。新型显示产业有力支撑智能手机、电视、显示器、笔记本电脑、平板电脑等领域应用，在数字文旅、数字医疗，教育培训、汽车显示、数字装备等多个新兴产业中发挥了独特的作用，并为元宇宙、数字孪生等前瞻性的产业提供了物质基础和实现的路径。,工信部有关负责人表示，接下来，将不断提升产业链、供应链韧性，全力攻克新型显示产业的关键核心技术，加强与人工智能、VR/AR、大数据、物联网等数字技术的深度融合，深化国际交流与合作，推动我国新型显示产业向价值链的中高端迈进。",人民日报,HNT4URAH000189FH.html?clickfrom,2022-12-06 09:24:58,我国显示面板产业规模跃居全球第一,https://www.163.com/news/article/HNT4URAH000189FH.html?clickfrom=w_yw,https://wap.peopleapp.com/article/6943299/6803621
"用微信扫码二维码,分享至好友和朋友圈,
                        （原标题：湖北抓实抓细—— 全力保障重要民生商品供给（高效统筹疫情防控和经济社会发展））
                    ,本报武汉12月5日电 （记者强郁文、范昊天）夜幕降临，盒马鲜生湖北省武汉市岳家嘴店店长刘凯忙着指挥卸货：“这些食品经过溯源和消杀后，将全程分箱管理、无接触配送。”湖北省抓实抓细各项疫情防控工作，坚决遏制疫情扩散蔓延势头，全力保障重要民生商品有效供给和价格平稳。,投放平价蔬菜。依托大型商超、重点农贸市场投放一批平价惠民蔬菜，同时加强雨雪冰冻等极端天气监测预警，狠抓小麦促弱转壮、蔬菜稳面扩产、果茶修剪补栽，制定发布防范冰冻灾害农业生产技术指导意见，强化用电、用油、用肥、用种等政策保障，确保鲜活农产品采收、上市正常开展，及时协调解决特殊天气造成农资运力不足等问题。,升级保供能力。湖北加快推进供销系统83家县域应急储备中心改扩建工作，充分发挥110家疫情防控重点保障企业示范带动作用，加大对三大主粮生产和“菜篮子”工程的信贷服务供给，提高保供能力。武汉市商务局已安排各商超、配送企业提升仓储能力、增加运力储备，部署24处重点电商企业中心仓投入运营。,保证产销通畅。建立主要“菜篮子”产品稳产保供周调度制度，引导大中城市与优势产区加强协作。严格落实鲜活农产品运输“绿色通道”政策，优化高速公路服务区、“司机之家”等保障服务，促进民生商品快速有序流动。,加强市场监管。持续加强粮油肉蛋奶果蔬等重要民生商品产储供销需及价格监测，组织开展保供稳价专项巡查检查。对巡查中发现的问题现场办公、督促立行立改，对串通涨价、哄抬物价等违法违规行为严肃处理。,今年12月至明年2月，湖北将围绕产储供销需及价格等关键环节，组织开展保供稳价十项专项行动，多措并举兜牢民生底线。湖北要求，各地各部门把重要民生商品保供稳价作为岁末年初民生保障工作的重中之重，全面加强重要民生商品产储供销需及价格等各重点领域、重点环节形势分析，全力防范重要民生商品价格大幅波动风险。",人民日报,HNT57422000189FH.html?clickfrom,2022-12-06 09:29:29,湖北抓实抓细——全力保障重要民生商品供给（高效统筹疫情防控和经济社会发展）,https://www.163.com/news/article/HNT57422000189FH.html?clickfrom=w_yw,https://wap.peopleapp.com/article/6943268/6803590
"用微信扫码二维码,分享至好友和朋友圈,
                        （原标题：全球连线 | 这座草原上的立交桥 见证中蒙关系高水平发展）
                    ,
	,
	,
						,
						,
					",新华网,HNN2Q90O000189FH.html?clickfrom,2022-12-04 00:52:04,全球连线 | 这座草原上的立交桥 见证中蒙关系高水平发展,https://www.163.com/news/article/HNN2Q90O000189FH.html?clickfrom=w_yw,http://www.news.cn/world/2022-12/02/c_1129180105.htm
"用微信扫码二维码,分享至好友和朋友圈,
                        （原标题：关注！多地疫情防控最新措施速览）
                    ,关注！多地疫情防控最新措施速览",人民日报,HNT537FT000189FH.html?clickfrom,2022-12-06 09:27:21,关注！多地疫情防控最新措施速览,https://www.163.com/news/article/HNT537FT000189FH.html?clickfrom=w_yw,https://mp.weixin.qq.com/s/YBdP2uErjbNOAVXBvYr--Q
"用微信扫码二维码,分享至好友和朋友圈,
                        （原标题：我国科学家找到调控水稻小麦穗发芽的“开关”）
                    ,经过研究攻关，中国科学院遗传与发育生物学研究所储成才团队和高彩霞团队日前找到了调控水稻、小麦穗发芽问题的两个“开关”，包括负调控种子休眠的关键基因SD6和正调控种子休眠的基因ICE2。研究者认为两个基因“双剑合璧”，有望为因种子穗发芽导致的大规模农业损失提供解决方法。该成果12月6日在线发表于《自然—遗传学》杂志。,作物驯化过程中由于更多考虑高产、优质、抗病虫及耐受逆境性状，常常忽视了对种子适度休眠的保留，从而导致很多作物如水稻、小麦会发生穗发芽现象（种子收获前成熟期如遇连阴雨不能及时收获，常出现部分籽粒在穗上发芽的现象），严重影响了作物的产量和品质，造成巨大的经济损失，甚至影响下季播种。因此，找到水稻、小麦等控制种子休眠的关键基因，阐明种子休眠调控的分子生理机制，挖掘其优良等位变异，对解决水稻等作物穗发芽灾害至关重要。,中国科学院遗传发育所科研团队通过利用强休眠的水稻品种卡萨拉斯和弱休眠水稻品种日本晴构建染色体单片段代换系，成功地从强休眠水稻品种中克隆到一个控制水稻种子休眠的关键基因SD6，并证实了SD6负调控水稻种子休眠。通过筛选SD6互作蛋白，研究团队发现了另一水稻转录因子ICE2，且ICE2正调控种子休眠。,研究团队发现SD6/ICE2分子模块是能够感知周边环境温度的种子休眠调控因子：在常温条件下，SD6基因表达维持高水平，发挥其功能，而ICE2基因功能则受到明显抑制，从而促进种子萌发；在低温条件下，SD6基因功能则受到明显抑制，ICE2基因表达量上调，进而发挥功能，从而使种子维持在休眠状态。即通过感知外界环境温度变化，SD6/ICE2此消彼长，进一步控制种子中植物激素脱落酸含量，从而调控种子休眠强度，确保其适应自然季节更替，繁衍成功。,研究团队通过基因编辑技术对水稻易穗发芽品种天隆619、武运粳27号以及淮稻5号中的SD6基因进行改良，发现改良的水稻材料在收获期遭遇连绵阴雨天气，其穗发芽情况显著改善。研究团队对小麦品种科农199的TaSD6基因进行改良，也可以大大提高小麦穗发芽抗性，表明SD6基因在水稻和小麦控制种子休眠的功能是保守的。这些研究成果都表明，SD6在水稻、小麦穗发芽抗性育种改良中具有重要应用价值。",央视新闻客户端,HNT28O2M0001899O.html?clickfrom,2022-12-06 08:37:56,我国科学家找到调控水稻小麦穗发芽的“开关”,https://www.163.com/news/article/HNT28O2M0001899O.html?clickfrom=w_yw,https://content-static.cctvnews.cctv.com/snow-book/index.html?&t=1670269175448&toc_style_id=feeds_default&share_to=wechat&track_id=133C5F9D-64FB-4371-B1C8-56E82D186AE2_691979821058&item_id=17365073817002361126
"用微信扫码二维码,分享至好友和朋友圈,
                        （原标题：新华时评：优化防控措施 树立抗疫自信）
                    ,新华社北京12月5日电 ,新华社记者,随着奥密克戎病毒致病性的减弱、疫苗接种的普及、防控经验的积累，我国疫情防控面临新形势新任务。,在与新冠病毒的较量中，我们始终把人民群众生命安全和身体健康放在第一位，主动识变应变，疫情防控不放松、不焦虑、不停步，树立了抗疫自信。近三年的抗疫实践表明，我们有基础、有条件、有能力打赢常态化疫情防控攻坚战。,不放松，始终把握战“疫”主动权。应对世纪疫情，难在复杂，难在反复。从取得武汉保卫战、湖北保卫战的决定性成果，到成功控制住由德尔塔变异株引发的疫情，再到迎战奥密克戎变异株……我国经受住全球多轮疫情流行的冲击。实践充分证明，党中央确定的疫情防控方针政策是正确的、科学的、有效的。,不焦虑，全面认识近三年抗疫实践成果。中国成为世界主要大国中新冠肺炎发病率最低、死亡人数最少的国家。医疗卫生和疾控体系经受住了考验，实现了全人群疫苗完全接种率超90%。最困难的时期已经走过，现在奥密克戎病毒致病力在减弱，我们的应对能力在增强，这为持续优化完善防控举措奠定了基础，提供了条件。,不停步，因时因势优化完善防控措施。持续跟踪病毒变异，高效分析奥密克戎及其亚分支特点，我国不断提高对病毒的认识。动态总结疫情防控经验，从先后推行九版防控方案，到制定二十条优化措施，我国以防控战略的稳定性、防控措施的灵活性，有效应对疫情形势的不确定性。,世界卫生组织12月2日表示，我们现在距离能够宣布新冠大流行紧急阶段结束的那一刻更近了，但我们还没走到那一步。,疫情防控是一项系统工程，每一环都很重要。回归正常是我们的共同心愿，我们要完整、全面、准确地把握和执行防控措施，规范操作、不变形不走样，不断提升认识，加强治理能力，做好充分准备，推动防控措施持续优化。,慎终如始、善作善成。坚持就是胜利，坚持必将胜利！",新华社客户端,HNRTFPJN0001899O.html?clickfrom,2022-12-05 21:55:10,新华时评：优化防控措施 树立抗疫自信,https://www.163.com/news/article/HNRTFPJN0001899O.html?clickfrom=w_yw,http://m.news.cn/2022-12/05/c_1129185654.htm
"用微信扫码二维码,分享至好友和朋友圈,
                        （原标题：大兴机场：进入航站楼可不查验核酸证明）
                    ,记者今天从大兴机场客服了解到，从12月6日起，所有人员进入航站楼可不查验核酸检测阴性证明。旅客在进入航站楼时，需正确佩戴口罩，使用北京健康宝扫码登记及体温正常即可通行。不过，旅客前往航站楼内餐饮场所堂食时，须扫码并查验48小时核酸检测阴性证明。,需要注意的是，在相关查验措施调整之后，旅客在出行前还须提前了解目的地对于核酸检测阴性证明等防控政策要求，在满足目的地政府的防控要求后再出行，出行过程中应做好个人防护。,
                    ",北京日报客户端,HNTKNI120001899O.html?clickfrom=,2022-12-06 14:00:36,大兴机场：进入航站楼可不查验核酸证明,https://www.163.com/news/article/HNTKNI120001899O.html?clickfrom=w_air,https://bj.bjd.com.cn/5b165687a010550e5ddc0e6a/contentShare/5b16573ae4b02a9fe2d558f9/AP638eda3de4b06154fc847065.html
"用微信扫码二维码,分享至好友和朋友圈,
                        （原标题：北京：2022年12月6日起，我市核酸检测查验实行新措施）
                    ,资料图,因应北京防控新形势，在落实国务院联防联控机制第九版防控方案和二十条优化措施的基础上，北京新型冠状病毒肺炎疫情防控工作领导小组办公室、首都严格进京管理联防联控协调机制办公室决定，自2022年12月6日起，我市核酸检测查验实行以下措施：,一、进入商超、商务楼宇及各类公共场所，可不查验核酸检测阴性证明，扫码进入即可。,二、进入社区（村），不查验核酸检测阴性证明，常住居民可不扫码。,三、进入网吧、酒吧、棋牌室、KTV、剧本杀、桑拿洗浴等密闭场所以及餐饮（堂食）、室内健身等场所，须扫码并查验48小时核酸检测阴性证明。,四、进入养老机构、儿童福利机构、幼儿园和中小学及医疗机构住院部等场所，须扫码并查验48小时核酸检测阴性证明。,五、重要单位和重大活动可根据需要，确定核酸检测查验措施。,六、各区继续提供社会面免费核酸检测服务并不断优化布局，方便满足群众愿检尽检需求和防疫工作需要。,倡导市民做好个人防护，戴好口罩、接种疫苗、减少不必要的聚集。,12月4日，重庆市政府新闻办举行第158场重庆市新冠肺炎疫情防控工作新闻发布会。,会上，有记者提问，现在有部分市民担心除了高风险区大部分地方都已经慢慢恢复了正常的生活，而且除了公共场所，其他不需要查验核酸了，万一社会面还有潜在的无症状感染者，如何才能发现呢？,资料图,重庆市卫生健康委副主任李畔介绍，大家担心这个问题是很正常，但是作为疾病预防控制部门有一套自己的监测预警网络和体系。一方面，按照国家第九版方案和二十条措施的要求，我们不得扩大核酸检测的范围，一般不按行政区域开展全域核酸检测，不重复检测、不加码检测。,。,重点人群大家就会问是什么意思，重点人群主要分为两类：,一类是风险人群的监测，,，这类人群通常是指快递、外卖、酒店、商场、超市、农贸市场这些地方的工作人员，因为他们的活动范围非常广，接触的人非常多，存在一些潜在的感染可能性，就是您刚才问的问题，他可能会接触到一些感染者，这是有可能的，风险要高一些。那么我们会对他们开展定期的核酸检测，比如说近段时间我们是每天都检测的，快递小哥还要做抗原，这类叫风险人群。,第二类叫重点岗位人群核酸检测，,，一些跨境的交通工具司乘人员，一些交通的维修、搬运、装卸人员。,，这些地方都是一些高风险岗位的人员，我们也会监测，也是按照国家规定的要求。同时对这部分人我们还是实施的闭环管理。这是对重点人员的监测，我们会主动监测、及早发现可能的感染情况。,第二个就是,，我们要对他进行流行病学史询问、症状监测，同时通过开展核酸检测来判断是否有新冠病毒感染的情况发生。,资料图,最后还有一个补充的就是刚才说的,。不过大家也没有必要过度担心，这一套系统是作为流行病学公共卫生方面一个比较成熟的病毒监测预警网络，对于我们及时发现疫情、及时处置疫情是行之有效的，三年来我们都是依靠这么一个监测网络来开展相应的监测。,实际上我们,，举个例子，在进口的物品、一些冷链的场所、环境我们会定期抽检，这样能够保证及时发现疫情、及时处置疫情。,但是从另外一方面来讲，尤其是现在，刚才我在前面也讲了，当前的重庆疫情还处在高位，大家切记不可以掉以轻心，不能放松警惕，做好自身的个人防护，保持良好的卫生习惯，做好自我健康监测，如果有发热、咳嗽等症状及时就近到发热门诊就诊。,（原标题：一图读懂|阳了怎么办？该不该囤药？）,预防新冠和流感，该如何备药？北京佑安医院感染综合科主任、小汤山方舱医院医疗专家李侗曾提醒市民，可适当备药，但自主用药需谨慎，没有必要盲目跟风囤药。结合北京本轮疫情主要毒株奥密克戎BF.7的临床特点，李侗曾总结了一份症状分析，供市民参考判断。,资料图",北京发布,HNT49GKU0001899O.html?clickfrom,2022-12-06 09:13:19,北京：2022年12月6日起，我市核酸检测查验实行新措施,https://www.163.com/news/article/HNT49GKU0001899O.html?clickfrom=w_yw,https://mp.weixin.qq.com/s/DX93ksRAljmILiIoBbaoOg
"用微信扫码二维码,分享至好友和朋友圈,
                        （原标题：权威解读：奥密克戎变异株导致肺炎或重症比例比流感低）
                    ,近日，关于奥密克戎变异株致病力减弱的话题受到广泛关注。国务院联防联控机制邀请呼吸危重症专家、北京市呼吸疾病研究所所长童朝晖，针对大家关心的问题予以解答。,资料图,童朝晖表示，国际和国内监测数据证实，奥密克戎变异株及其进化分支的致病力和毒力相比原始株和德尔塔等变异株明显减弱。,首都医科大学附属北京朝阳医院副院长 北京市呼吸疾病研究所所长 童朝晖：其实奥密克戎也已经变了好几个分支了，我们从临床观察到它这个奥密克戎的特点，传播性比较强，就是传得比原来那些原始株要快，但是它主要还是以上呼吸道的症状为主，也就是说很多人，甚至都没有像高热的那种，就是中低热，然后嗓子不舒服、咳嗽，主要集中在上呼吸道。从我们国内这段时间来看，各个省市的报道，无症状加轻型的在90%以上。那么像普通型，所谓我们说的普通型就是肺里有影子有肺炎的都不多。那么重型危重型实际上大家知道，新冠的重型、危重型指的是要吸氧，要给氧疗，这个比例就更少，因为我最近也是在北京的一线，到定点医院去查房会诊，真正的因为新冠肺炎导致的需要住院、需要插管上呼吸机的也就三四例。,童朝晖表示，奥密克戎变异株引起重症和死亡的比例明显低于之前原始株和关切变异株，这既是奥密克戎变异株的特点，也与人群接种疫苗免疫水平提高和国家采取的积极预防策略有关。与2009年全球流感流行时期相比，目前奥密克戎变异株导致肺炎或者重症、危重症的比例相对较低。,首都医科大学附属北京朝阳医院副院长 北京市呼吸疾病研究所所长 童朝晖：2009年全球，包括咱中国流感流行，那个时候出现流感肺炎的比例也是非常高，我记得我那会儿也会诊了不少，而且ICU里住的全是流感，上着呼吸机，上着ECMO。那么看现在，我们作为一个临床医生的角度，现在的奥密克戎和那会儿我们的流感比，它导致肺炎或者甚至说重症或者危重症的比例比流感还低。,
                    ",央视新闻,HNRL7QE80001899O.html?clickfrom,2022-12-05 19:31:00,权威解读：奥密克戎变异株导致肺炎或重症比例比流感低,https://www.163.com/news/article/HNRL7QE80001899O.html?clickfrom=w_jk,https://content-static.cctvnews.cctv.com/snow-book/index.html?item_id=5214944322472307749
"用微信扫码二维码,分享至好友和朋友圈,
                        （原标题：建设自行车专用路，推广新能源公交车，织密轨道交通线网—— 绿色出行 低碳高效（倾听））
                    ,核心阅读,自行车专用路建设持续推进，新能源公交车加速推广，轨道交通线网越织越密……各地深入开展绿色出行创建行动，通过多样化方式，提升市民绿色出行体验，助力绿色低碳发展。,推进实现“双碳”目标，绿色交通大有可为。国务院印发的《2030年前碳达峰行动方案》提出，打造高效衔接、快捷舒适的公共交通服务体系，积极引导公众选择绿色低碳交通方式；到2030年，城区常住人口100万以上的城市绿色出行比例不低于70%。,怎样提供高质量的绿色出行服务？如何增强人们绿色出行的意愿？记者进行了采访。,骑车通勤，健康快捷成为新选择,已经73岁的岳清莲，最近迷上了骑自行车，而这一切都源于她家附近的那条自行车专用路。,“既能锻炼身体也能看看风景，每天不去骑上一圈，就觉得少了点什么。”岳清莲家住北京市昌平区龙泽园街道龙泽苑社区，退休前是一名司机。离她家不到10分钟的路程，就是2019年5月31日开通的北京市首条自行车专用路。,全长6.5公里的自行车专用路，其中5.5公里为全封闭非助力自行车专用路，禁止行人、电动自行车及其他车辆进入，骑行限速为15公里/小时。,“路两边都是绿植，还有各种景观，让骑行很享受。”岳清莲坦言，其实对骑行这件事，家里人一开始还有些担心，“毕竟我年龄大了，家人怕不安全；后来知道我是在专用路上骑，才放下心来。”,东起昌平区回龙观文华路，西至海淀区后厂村路。这条自行车专用路，一头连着著名的超大型居住社区，一头接着北京的互联网企业聚集地。骑车通勤，成为很多市民的优先选项。,头盔、手套、骑行服，加上酷炫的自行车，小张的骑行装备看上去相当专业。作为一名互联网从业人员，骑行是小张除工作外为数不多的爱好，“以前总是开车上下班，怎么也得1个小时，现在骑车半个多小时就到了。”,昌平区自行车专用路管理中心负责人刘爽介绍，像小张一样，在自行车专用路上骑行的通勤群体，约1.16万人。据统计，截至2022年11月底，自行车专用路上的累计骑行量已达649万人次，日均骑行量4000—9000人次，平均骑行距离为3.8公里。,“通勤时间相比开私家车、坐公交车分别节省32%和50%，年累计贡献碳减排量超1500吨。”刘爽介绍，目前，自行车专用路正在进行东拓、南展施工，“建成后，将形成串联昌平、海淀、西城的慢行系统，为更多市民提供低碳、高效的出行选择。”,绿色公交，转型升级跑出加速度,工作日一大早，出小区右转，安徽省合肥市市民项凡直奔公交站台。,项凡坦言，以前坐公交车总感到不舒服。自从300路公交更换为新能源车，发动机的轰鸣声没有了，车辆起停更加平稳，就连车厢都变得宽敞，乘车舒适度大幅提升。如今，不光是日常通勤，周末，他也乐意乘公交出行。,这得益于近年来合肥市积极践行绿色出行理念，大力推广使用新能源公交车。合肥市交通运输局客运管理处负责人介绍，2018年起，合肥市新增、更新的公交车均采用纯电动车型。至2020年末，合肥市中心城区公交线路营运车辆已全面实现新能源化。,数据显示，合肥公交集团目前在用的新能源公交车为3440台，占比达98%。该集团技术管理部经理杨海兵向记者算了一笔账：2021年，合肥市公交车辆累计减少排放15.57万吨二氧化碳，“按一棵树一年可以吸收18.3公斤二氧化碳来算，我们减排的二氧化碳相当于多种了850多万棵树。”,深夜，走进合肥公交集团和平路充电站，映入眼帘的是一排排整齐停放的新能源公交车。另一侧，7台充电桩一字排开，充电工孙琳不停地在其间忙碌穿梭，刷卡、连接、充电。,“每天夜里，是充电工们最忙碌的时候。”杨海兵告诉记者，为合理使用电力资源，减少不必要的能源消耗，他们正在推行“错峰填谷”充电策略，尽量利用低谷电给回场公交充电。,倡导绿色低碳出行，仅优化车辆能源结构还不够，还要在线网优化上下功夫。,合肥公交集团智慧指挥中心内，一块巨大的电子屏上，实时显示着合肥公交所有线网站点、客运量、车辆行驶情况等信息。“通过对这些数据进行分析，我们能够实现线路运力的精准调配，给市民带去最大便利，也有助于节能减排。”合肥公交集团营运管理部经理卜泽祥说。,“下一步，合肥市将继续在公交出行的‘小快灵’上下功夫。一方面，要推动公交车辆往小型化发展，扩大线网站点的覆盖面，让更多市民在家门口就能搭上公交；另一方面，加快推动地面公交与轨道交通两网融合，解决沿线市民出行‘最后一公里’难题。”合肥市交通运输局客运管理处负责人说。,轨道交通，织密线网释放新活力,空间主体造型融入“树”的概念，墙面展现成都玉林片区街景风貌……走进成都地铁8号线芳草街站，整个车站看起来清新脱俗。,“以前从城南到城北要花1个多小时，现在坐地铁只要半个多小时，出行更便捷了。”市民刘女士在成都生活多年，见证了成都地铁从无到有再到加速发展的过程。,近年来，成都积极推进轨道加速成网，线网规模快速增长。,“成都已开通运营13条轨道交通线路，运营里程达558公里。未来，成都轨道交通线路还将不断延伸，力争‘十四五’末期，线网在建及运营里程突破1000公里，实现双机场轨道交通直达，基本形成半小时轨道交通通勤圈。”成都市交通运输局相关负责人表示。,日益密织的轨道交通线网，让地铁通勤这一绿色出行方式，成为更多人的选择。数据显示，截至2022年8月，成都轨道交通线网累计客运量突破90亿乘次，历史单日最大客运量超722万乘次，公共交通出行分担率超60%，正点率99.99%，各项指标持续位居国内行业前列。,成都地铁的智慧化服务持续升级。成都轨道集团在国内率先全线网、一体化推行“智慧安检、智慧票务、智慧测温”，实现12条地铁线路、287个地铁车站所有闸机及安检点全覆盖，较传统闸机检票速率提高20%以上。智慧票务服务上线，市民乘客可享受成都地铁全线刷脸过闸，优化乘客出行体验。,各项贴心服务也相继展开。“目前，成都地铁已有11条线路推出列车分区控温服务，为孕妇、哺乳期妇女提供的地铁母婴室已超过80间，在部分车站增设乘客呼叫铃，保障残疾人等特殊群体乘车，提供无障碍预约服务。”成都地铁运营有限公司相关负责人表示。,此外，成都地铁还将深化轨道与公交“站站融合”，增开5条旅游专线、协调优化20余条公交接驳线；同步积极改善地铁站点与周边交通、商圈一体化衔接，完成14个“同站过街通道”车站功能改造，切实提升市民出行体验。",人民日报,HNT4SAR2000189FH.html?clickfrom,2022-12-06 09:23:35,建设自行车专用路，推广新能源公交车，织密轨道交通线网—— 绿色出行 低碳高效（倾听）,https://www.163.com/news/article/HNT4SAR2000189FH.html?clickfrom=w_yw,https://wap.peopleapp.com/article/6943289/6803611
"用微信扫码二维码,分享至好友和朋友圈,
                        （原标题：李家超：正确了解中共二十大精神有助香港更好融入国家发展大局）
                    ,
	,
	,
						,
						,
					,中新社香港12月3日电 (记者 刘大炜)香港特区行政长官李家超3日在中国共产党第二十次全国代表大会精神宣讲会上表示，正确了解中共二十大精神，将有助“一国两制”实践行稳致远，有助香港更好融入国家发展大局。,应香港特区政府邀请，中央宣讲团当日来港宣讲中共二十大精神。,李家超在宣讲会致辞中表示，中共二十大精神关系到国家与香港的未来发展，关系到中华民族伟大复兴，更关系到“一国两制”的行稳致远和香港的长期繁荣稳定。尤其是中共二十大报告中再次强调“一国两制”是中国特色社会主义的伟大创举，是香港保持长期繁荣稳定的最佳制度保障，必须长期坚持。,李家超指出，香港回归以后经历多次挑战，包括亚洲金融危机、国际金融危机、非典疫情、新冠疫情等。在中央政府的支持下，香港每一次都能战胜风险、浴火重生，始终保持固有优势，经济向上发展。未来五年是香港开创新局面、实现新飞跃的关键期。“当前国际形势复杂多变，香港既有机遇也有挑战，我们必须把握大势，提升自身竞争力。”,宣讲会上，李家超向香港社会提出三点期望：,第一，要深入理解中共二十大报告的内容，例如有关“一国两制”的重要论述。报告从全局和战略高度出发，深刻总结“一国两制”实践取得的历史性成就，系统阐述新时代坚持和完善“一国两制”的新理念、新思想、新战略，科学擘画“一国两制”事业发展的宏伟蓝图。要把“一国两制”这个好制度长期坚持下去，就一定要准确把握“一国两制”在新时代的精髓要义，并加以准确贯彻落实。,第二，期望在香港各领域代表人士推动下，学习中共二十大报告的工作可以辐射到香港社会的不同层面、不同阶层。,第三，各领域代表人士在宣扬中共二十大精神的同时，也应该在各自岗位上继续发挥力量，合力发展经济、推动创新、改善民生，为国家创造历史伟业、为香港谱出由治及兴新篇章作出更大贡献。(完)",中国 新闻网,HNOME8L5000189FH.html?clickfrom,2022-12-04 15:54:16,李家超：正确了解中共二十大精神有助香港更好融入国家发展大局,https://www.163.com/news/article/HNOME8L5000189FH.html?clickfrom=w_yw,http://www.chinanews.com.cn/dwq/2022/12-03/9907804.shtml
"用微信扫码二维码,分享至好友和朋友圈,
                        （原标题：不满《通胀削减法案》 欧洲官员接连发声）
                    ,连日来，多名欧洲官员接连针对美国的《通胀削减法案》发声，表达不满。,
	,
	,
						,
						,
					,据德国媒体当地时间12月4日报道，欧洲议会国际贸易委员会主席贝恩德·朗格呼吁欧盟针对美国的《通胀削减法案》向世贸组织提起申诉。他表示，《通胀削减法案》的相关内容与世贸组织规则不符，他认为欧盟与美国的谈判并不能解决争端。,3日，欧洲理事会主席米歇尔在接受意大利媒体采访时表示，美国是一个能源出口国，可以从天然气和石油价格的飙升中获益，而欧盟不得不付出沉重的代价，同时面临着经济衰退的风险。欧洲的工业为能源支付了更多费用，而且面临着来自美国的工业竞争。在采访中，米歇尔虽然表示不会用“背叛”一词来形容美国的《通胀削减法案》，但他更希望美国能采取不同的做法。,据德国媒体报道，德国财政部长林德纳3日就欧洲和美国之间可能发生贸易战发出警告。林德纳表示，对德国来说，美国是一个有价值的伙伴，但同时，美国也在推行一种极具保护主义的经济政策。这就是为什么德国政府必须发声，强调这种政策对德国的消极影响。,今年8月，美国总统拜登签署《通胀削减法案》，出台包括高额补贴、大幅减税在内的大量激励措施，以推动电动汽车和其他绿色技术在美国本土的生产和应用。美方声称该法案旨在缓解通胀、削减赤字。但欧洲国家纷纷表达强烈不满，指责该法案包含贸易保护主义政策，企图以损害欧洲工业为代价使美国企业获得竞争优势，是在“损欧利美”。,法国总统 马克龙：更重要的是，过去几个月做出的选择，尤其是《通胀削减法案》是会让西方分裂的选择，因为它在美国和欧洲之间制造分歧，很多企业可能会考虑不再在大西洋另一端（欧洲）进行投资了。,欧盟委员会执行副主席 东布罗夫斯基斯：《通胀削减法案》规定的补贴措施对欧盟汽车、可再生能源、电池和能源密集型行业构成歧视。欧盟对此表示严重关切。我们已多次向美方提出这一关切，我们要求公平。,欧盟委员会分管内部市场的委员 蒂埃里·布雷东：我们的观点很明确，这是和世贸组织的规则相违背的。要么他们（美国）改正，我们希望他们改正，这是特别工作组讨论的内容；要么我们去世贸组织（讨说法），然后我们采取（贸易）反制措施。",央视新闻客户端,HNTNLPTA000189FH.html?clickfrom,2022-12-06 14:52:04,不满《通胀削减法案》 欧洲官员接连发声,https://www.163.com/news/article/HNTNLPTA000189FH.html?clickfrom=w_yw,https://content-static.cctvnews.cctv.com/snow-book/index.html?&toc_style_id=feeds_default&share_to=wechat&item_id=10797239305881702362&track_id=E3E3636D-60AE-4E6A-8E66-BB9B9BD41D43_691990247571
"用微信扫码二维码,分享至好友和朋友圈,
                        （原标题：中共二十大精神宣讲会引发香港各界热烈反响）
                    ,
	,
	,
						,
						,
					,中新网香港12月3日电 (记者 刘大炜)应香港特区政府邀请，中央政府派遣全国人民代表大会常务委员会法制工作委员会主任沈春耀、全国政协经济委员会副主任谢伏瞻等组成的中央宣讲团3日来港，向香港各界宣讲中共二十大精神。宣讲会引发香港各界热烈反响。,香港特区立法会议员颜汶羽表示，中央宣讲团来港足以证明中央政府对香港的重视。通过宣讲会对中共二十大精神的详细阐述，自己对中共二十大精神的掌握也更加系统、准确。,香港特区选举委员会委员金铃表示，听完宣讲会后自己可以更加感受到中国共产党对香港“一国两制”的高度重视以及对香港同胞深切的感情。,香港菁英会主席凌俊杰表示，过去一段时间自己参加过多场香港各界组织的中共二十大精神学习活动，但此次中央宣讲团来港，向香港各界详细阐述的是中央层面对国家如何发展的思考，让自己更加全面、系统地了解中共二十大精神。,宣讲会上，沈春耀围绕中共二十大的重要意义和主要成果、深入学习领会中共二十大报告的核心要义等方面进行了系统宣讲和阐述，详细解读中共二十大报告关于“一国两制”和港澳工作的论述。谢伏瞻则围绕“通过中国式现代化全面推进中华民族伟大复兴”等主题深入宣讲。这些内容给当天出席的香港各界人士留下了深刻印象。,香港青年会主席陈凯荣表示，宣讲会中不仅提及“中国式现代化”，也提到包括坚持“一国两制”在内许多关于香港的内容。对香港年轻人而言，香港是连接国家跟世界的桥梁，青年团体一定要努力合作，让更多年轻人了解中共二十大，了解国家未来发展方向。,中华司法研究会理事、大律师吴英鹏提到，中共二十大报告提出了完善特区司法制度和法律体系，这将有助于香港继续实施和完善原有的普通法制度，且发展出一套有香港自身特色的司法制度体系。包括法律界在内的香港社会应携手以实际行动贯彻中共二十大精神，切实维护好宪法和香港基本法共同构成的特区宪制秩序，继续发挥香港的法治优势。,香港政协青年联会常务副主席沈慧林以“全面”二字概括此次宣讲会的内容。经营着一个国产手表品牌的他，表示将通过品牌对外讲好中国故事，并以粤港澳大湾区为基础，利用“一带一路”建设提供的优惠政策让品牌“走出去”，打开“一带一路”沿线不同的国家和市场。(完)",中国 新闻网,HNOMH8LL000189FH.html?clickfrom,2022-12-04 15:55:55,中共二十大精神宣讲会引发香港各界热烈反响,https://www.163.com/news/article/HNOMH8LL000189FH.html?clickfrom=w_yw,http://www.chinanews.com.cn/dwq/2022/12-03/9907869.shtml
"用微信扫码二维码,分享至好友和朋友圈,
                        （原标题：中央宣讲团来港宣讲中共二十大精神）
                    ,
	,
	,
						,
						,
					,中新网香港12月3日电 (记者 刘大炜)由香港特区政府主办的中国共产党第二十次全国代表大会精神宣讲会3日在香港会议展览中心举行。,12月3日，香港特区政府在香港会议展览中心举行中共二十大精神宣讲会，全国人大常委会法制工作委员会主任沈春耀和全国政协经济委员会副主任谢伏瞻出席作宣讲。图为宣讲会现场。 中新社记者 陈永诺 摄,宣讲会邀请全国人民代表大会常务委员会法制工作委员会主任沈春耀、全国政协经济委员会副主任谢伏瞻等组成的中央宣讲团来港，向香港各界宣讲中共二十大精神。,12月3日，香港特区政府在香港会议展览中心举行中共二十大精神宣讲会，全国人大常委会法制工作委员会主任沈春耀和全国政协经济委员会副主任谢伏瞻出席作宣讲。图为沈春耀发言。 中新社记者 陈永诺 摄,宣讲会上，沈春耀围绕中共二十大的重要意义和主要成果、深入学习领会中共二十大报告的核心要义等方面进行了系统宣讲和阐述，详细解读了中共二十大报告关于“一国两制”和港澳工作的深刻论述。,12月3日，香港特区政府在香港会议展览中心举行中共二十大精神宣讲会，全国人大常委会法制工作委员会主任沈春耀和全国政协经济委员会副主任谢伏瞻出席作宣讲。图为谢伏瞻发言。 中新社记者 陈永诺 摄,谢伏瞻围绕“通过中国式现代化全面推进中华民族伟大复兴”等主题深入宣讲。他指出，中共二十大报告深刻阐明中国式现代化的战略目标、使命任务、重大原则和本质要求，把中国共产党对中国式现代化的认识提升到新的高度。,12月3日，香港特区政府在香港会议展览中心举行中共二十大精神宣讲会，全国人大常委会法制工作委员会主任沈春耀和全国政协经济委员会副主任谢伏瞻出席作宣讲。图为香港中联办主任骆惠宁发言。 中新社记者 陈永诺 摄,中央人民政府驻香港特别行政区联络办公室主任骆惠宁参加宣讲活动时表示，希望香港社会各界人士以此次宣讲为契机，持续在全面学习、全面把握、全面落实上见真章，推动中共二十大精神在港落地见效。,宣讲会现场，中央宣讲团围绕中共二十大报告与香港各界人士进行交流互动，解答与会人士的问题。香港特区行政长官李家超等出席宣讲活动。,12月3日，香港特区政府在香港会议展览中心举行中共二十大精神宣讲会，全国人大常委会法制工作委员会主任沈春耀和全国政协经济委员会副主任谢伏瞻出席作宣讲。图为香港特区行政长官李家超发言。 中新社记者 陈永诺 摄,李家超表示，中共二十大精神关系到国家与香港的未来发展，关系到中华民族伟大复兴，更关系到“一国两制”的行稳致远，香港的长期繁荣稳定。了解中共二十大精神，将有助“一国两制”实践行稳致远，有助香港更好融入国家发展大局。(完)",中国 新闻网,HNOMM95T000189FH.html?clickfrom,2022-12-04 15:58:39,中央宣讲团来港宣讲中共二十大精神,https://www.163.com/news/article/HNOMM95T000189FH.html?clickfrom=w_yw,http://www.chinanews.com.cn/dwq/2022/12-03/9907829.shtml
"用微信扫码二维码,分享至好友和朋友圈,每逢周末，总有这样一个地方长满了快乐的年轻人。,飞镖场、室内沙坑、射击训练场应有尽有，还有模拟滑雪和冲浪设施。,刚绕过了几个玩飞盘的年轻男女，前面又是一群踩滑板的青少年……,这不是什么大型室内游乐园，而是运动商店迪卡侬门店的现状。,被称为“直男天堂”的迪卡侬，不仅承包了线下年轻人的快乐，在线上销售中也一样火爆。,在刚刚过去的双十一，京东数据显示，迪卡侬销售额同比增长280%；,今年618期间，迪卡侬的成交额是去年的5倍。,调查显示，2022年迪卡侬成为了运动服饰品牌偏好度的第一名。,一个平平无奇的运动大卖场，到底怎么火起来的？,曾几何时，迪卡侬还是“土low”的代名词。,99元一件的滑雪服和49元一件的泳衣随意堆叠在货架上，篮球鞋货架旁边摆满了运动自行车。,低廉的价格无法满足“城市中产”的高端需求，几乎为0的设计感劝退了追求时尚的潮男潮女。,但不知从什么时候开始，迪卡侬成了很多年轻人的打卡据点。,这个场地宽阔，朴实无华的运动商店，似乎和接地气的大型超市没有什么区别——除了卖的是运动商品。,但和其他运动商店不同的是，迪卡侬的各类货架旁，基本都设置了运动区。,羽毛球场地、乒乓球桌挤满了小情侣和中年夫妻，轮滑体验区和射箭区则是年轻人的天地。,中年男人躺在帐篷里小憩，潮人在滑板上耍着极速漂移，组团而来的“少儿乒乓球队”则在球桌前激战。,顾客们玩得再嗨，店员们也不会黑脸，甚至还会教你正确的运动姿势。,“每周去一次迪卡侬，在店员的教学下学会了滑板。”,丰富的体育设施和免费的体验，让迪卡侬成为了集休闲、娱乐和运动为一身的“游乐场”。,但即使抱着“免费玩”的心情进入迪卡侬，你也很难空手而归。,迪卡侬本身的产品线非常丰富，仅在官网就列出了48条运动支线，65个子品牌，适用的不仅是田径、篮球、足球这些日常运动，还包括马术、攀岩和浆板等小众运动。,2000平米起步、平均面积在4000平米左右的线下门店，给各式各样的体育用品留下了充足的陈列空间。,在宽阔的陈列区域下，只有你想不到的，没有货架摆不了的。,无论你喜欢哪种运动，你都能找到大量适合你的产品，这些商品也并不昂贵。,你能花49.9元买下一件运动速干长袖，花99元买下一条滑雪裤，还能用不到200元的价格拿下一双专业跑步鞋。,因为较低的价格，迪卡侬在包装上也奉行了“抠门”的原则——不提供鞋盒，无论买多贵的商品，一律拿塑料袋包装。,大卖场般的陈列和简陋的包装，仍然让迪卡侬有着“又土又low”的刻板印象。,但在99元一件的冲锋衣面前，大多数人都选择了“真香”。,丰富的项目体验，更是让迪卡侬成了年轻人眼里兼职卖体育用品的“网红景点”。,门店好玩不足以支撑迪卡侬的火爆，迪卡侬也越来越注重时尚设计，摆脱“土味”的标签。,曾几何时，迪卡侬和海澜之家一样，受众群体主要是不追求时尚的男性。,灰黑色的钓鱼马甲，基础款的连体帽衫，略显呆板的登山鞋……似乎都是为中年男性量身定做。,如今，迪卡侬的很多单品已经成了潮流穿搭界的常客，还尤其深受女孩们喜爱。,在国内知名种草平台，“迪卡侬”词条已经收获了超过6w+ 条笔记。,曾经被调侃为“土狗”的冲锋衣、钓鱼马甲，如今成了“山系穿搭”的代名词。,除了男女同款的冲锋衣和马甲，裙裤、包包等商品也在吸引着更多女性消费者。,99元的A字裙裤，“穿上就是辣妹本妹”；,粉红色的羽绒包，69块钱怎么看也不算亏。,这些“迪卡侬女孩”们，凹着时尚的造型，在帮助迪卡侬“脱土向潮”上发挥了巨大作用。,除了变得越来越具有时尚气息，迪卡侬的单品质量，也是它能够持续火热的重要原因。,在社交平台上搜索“迪卡侬”，关键词大多是“舒服”、“保暖”、“抗造”和“性价比高”。,2013年，迪卡侬在中国仅有80家门店，到了2017年，这个数字翻了三倍不止。,中国对于迪卡侬的重要性不言而喻——2021年迪卡侬年度报告特别指出，除法国本土外，中国是增长最为迅猛的海外市场之一。,明明有那么多的时尚运动品牌，中国消费者为啥选择迪卡侬？,从被称为“瑜伽裤爱马仕”的lululemon，到户外运动鄙视链最顶端的始祖鸟，深受年轻人追捧的品牌，售价都不会太便宜。,相比于高奢运动品牌的“可望不可及”，迪卡侬的定价一直走的是“平民路线”。,14.9元的背包，20块钱的足球袜，59.9元的摇粒绒，不到80元一双的健步鞋……在贵价运动品牌门店买一件t恤的钱，在这里可以买到一整套运动装备。,值得注意的是，迪卡侬的便宜，并不是以牺牲产品质量换来的。,迪卡侬的产检一直遵循着欧盟的标准，即便产品没有那么高端，但质量至少不会差到哪里去。,根据北师大发布的《2021新青年时尚消费趋势发展报告》，新青年消费者在消费时更趋于理性，近七成首要考虑的是性价比。,“便宜质量又好，迪卡侬是低预算消费者的购物天堂。”,迪卡侬能够卖得如此便宜，原因在于其一条龙的运营模式。,从上游的产品研发与设计，到原材料采购和生产，再到商场贩售和物流，迪卡侬都是自己管控，没有任何中间商的参与。,为了节省成本压低价格，迪卡侬在推广方面也格外“抠门”。,迪卡侬几乎不找代言人，别的品牌折算到消费者头上的营销推广费，在迪卡侬这就省去了。,虽然单件产品赚得不多，但便宜的价格能快速获得市场份额，品质过关又能帮助它取得长期稳定的市场地位。,除了极高的性价比，迪卡侬迅速更新的产品线也是保证吸引力的一大利器。,迪卡侬紧跟运动潮流，除了常规的运动装备，还能满足各种小众和高端运动的需求。,从迅速爆火的飞盘，到潮人聚集的腰旗橄榄球，训练场上火什么，迪卡侬就造什么。,除了跟随时尚潮人的脚步，迪卡侬也有属于自己的高端线。,几千块钱的高尔夫球杆，带芯片的航海服和冲浪板，就连马术都有超过200相关件单品，从马鞭到马靴到马衣，应有尽有。,平日不怎么运动，偶尔买两个瑜伽垫的“冲动型”消费者，和拥有马场的“高预算”消费者，都能在迪卡侬找到合适的商品。,大家既能在这里看到几千上万的冲浪板、钓鱼装备和山地自行车，也能找到19.9元的羽毛球拍，百元左右的科技跑鞋。,相比lululemon和始祖鸟，迪卡侬是年轻人们能够得到的、对于中产生活的向往。,在迪卡侬的线下门店里，一双售价399元的雪地靴的商品简介是这样的：,“加绒加厚的设计，适合各种极端天气，可在雨雪山地中徒步两小时。”,即使平日不爱极限运动的人们，心中也会平白升起对运动的激情和勇气。",举报,HNRHK96E00019A2S.html?clickfrom=w,2022-12-05 18:27:54　来源: 网,迪卡侬，从“土味天堂”到“中产标配”,https://www.163.com/news/article/HNRHK96E00019A2S.html?clickfrom=w_wyzz,http://jubao.aq.163.com/
"用微信扫码二维码,分享至好友和朋友圈,
                        （原标题：共建“一带一路”民生项目增进民生福祉）
                    ,民生工程是快速提升共建“一带一路”国家民众获得感的重要途径。9年多来，一大批合作项目稳步实施，帮助共建国家民众改善了生活、增加了收入，形成了接地气、聚人心的合作成果。,“五桥进一步方便了我们的出行”,从空中俯瞰马尔代夫胡鲁马累岛，五座桥如玉带横卧碧波之上。桥上车水马龙，特意留出的人行道上，行人不时驻足停留。去年底，由中国建筑股份有限公司承建的五桥项目通车，大大方便了当地民众的生活，也成为胡鲁马累的一张新名片。,胡鲁马累岛意为“邻近马累之地”，是为疏解马尔代夫首都马累用地紧张而分阶段填海开发的岛屿，也是马尔代夫最重要的新兴城市，被当地誉为“希望之城”。然而，长期以来，胡鲁马累一期岛和二期岛之间只有一座临时搭建的木桩小桥作为通道，居民出行十分不便。中国建筑股份有限公司在两座岛屿之间建设的五桥项目，成为方便当地人生活的“梦想之桥”。,五座桥最长跨度53米，工程虽小，技术含量却不低。建设过程中，项目团队克服了高温、高湿等不利施工条件以及新冠肺炎疫情影响，确保顺利竣工交付。五桥项目业主艾哈迈德·纳西夫评价说：“中国企业执行力强、对进度把控细致、对质量和安全要求严格。我们的合作又一次取得了成功。”,“过去小桥附近的道路简单铺了沙土，晴天车来车往，沙尘四起；雨天坑坑洼洼，又脏又乱还不安全。”家住马累的服装设计师乌维什因工作需要，时常在胡鲁马累一期岛和二期岛之间穿行。他说，随着五桥建成，再也听不到人们抱怨两岛之间的通行状况。“感谢中国企业。几年前，中企还承建了中马友谊大桥，从马累到胡鲁马累不再需要坐渡船。如今，五桥进一步方便了我们的出行。”,五桥项目让马尔代夫两个人口密集的填海岛屿实现互相连通，带动了周边地区商业、文化旅游业发展。当地青年哈桑在胡鲁马累二期岛上开了一家餐厅，沿着1号桥向北直走不到200米就能到。“桥梁通车后，我的小餐厅每天顾客络绎不绝，营业收入增加了不少。”哈桑说。,“五座桥就是最好的观景平台。”家住胡鲁马累一期岛的居民古瑞莎说，五桥项目完工后，一家人闲暇时会带着孩子去桥上散步，“平时出行便利了很多，节假日的生活也更加丰富了。”马尔代夫姑娘妮娜说：“中国企业在胡鲁马累承建了住房、桥梁等项目，丰富了这座城市的面貌，改善了我们的生活。”,“再也不用为水发愁了”,走出房门，崭新的水管从院子一角探出头来。拧开水龙头，清水汩汩流出。没几分钟，巴卜马力克就打了一桶水回屋。他又拎起满满一桶水走进羊圈，倒进小羊们的食槽。“有了自来水，用着真方便，再也不用为水发愁了！”,今年早些时候，中国电建集团港航建设有限公司承建的毛里塔尼亚德哈供水二期项目通过验收，家住东胡德省小镇廷贝德拉的巴卜马力克家第一次用上了自来水。,毛里塔尼亚地处西非，气候炎热干旱，降水量少且地下水储量小。“住在这一带，用水一直是个大问题。得套上驴车，来回走几公里去露天水井取水。一家人总是在烦恼怎么喝水、怎么做饭。”巴卜马力克家里有3个孩子，还有年迈的老人，取水是家里的一项重要任务。“不仅取水麻烦，也很难保证用水卫生。现在好了，在家拧开水龙头就有干净水。”,德哈供水项目覆盖东胡德省全境，将德哈地区较为丰富的地下水资源输送到内马、廷贝德拉、提跟尼、乐温那等多个市镇，累计铺设铸铁管道总长度约326公里，PE管道约250公里。据了解，项目日供水量可达1万立方米，能解决近34万人的饮水问题。,项目竣工仪式上，毛里塔尼亚水利和水处理部部长穆罕默德亲自品尝了管道供应的第一口水，对工程效果给予高度评价。“德哈供水项目成功实施，改善了居民们的生活条件。大家可以更便捷地喝上干净卫生的自来水，充足的水源也会促进畜牧业发展，对改善民生具有重要意义。”,因为德哈供水项目，巴卜马力克还学了一项技能，谋了一份工作，多了一份收入。“自从中国企业来到这里，我们获得了不少工作机会。我跟中国朋友学会了开车，现在已经很熟练了。”巴卜马力克说。加上新养的小羊，他算了算，收入比以前提高了好几倍，“孩子上学、老人赡养的问题都能解决了”。,“现在省去了取水时间，大家有更多的精力去工作了！”巴卜马力克说，项目实施期间，中国企业还为当地居民捐赠生活和医疗物资，帮助改善当地基础设施。“希望更多中国企业来毛里塔尼亚建设更多惠民项目！”,“人们愿意来这里就医”,南苏丹湖泊州首府伦拜克市的基尔·马亚尔迪特妇女医院（以下简称“基尔医院”）由中国援建，投运后一度受战乱影响而破败。2017年起，中国政府向基尔医院实施技术援助项目，派遣技术专家赴南苏丹开展日常修缮、维修保养和技术培训等服务，让医院焕然一新。,在第一期项目已帮助医院恢复部分功能的基础上，第二期技术援助项目组从2019年起对医院整体设施进行了维修。,电力短缺严重影响医院正常运营。第二期技术援助项目组组长张笑天介绍，项目组利用医院现有条件进行了电路改造，通过柴油发电和两处太阳能供电设备，实现了手术室24小时电力供应。,“以前医院条件有限，有时候手术时只能用手电筒照明。项目组引入太阳能技术，让手术室实现全天供电。项目组还为我们翻新医院，安装调试新型数字X光机等医疗设备，极大改善了我们的医疗条件和工作环境。”基尔医院医生杜特说。,为实现医院可持续化运营，项目组还编制培训教材、操作手册、维护保养手册等材料，开办土建、电力、给排水、医疗器械维护、X光机操作等专业培训，为医院培养各类技能人才，提高医院独立运营能力。,医院后勤员工马奎参加了技术培训项目，还全程参与了各项附带工程实施。如今，他已能独立进行土建作业施工，处理日常维护和修缮事宜，被人称为“工程师马奎”。“从中国朋友那儿我学习到很多技能，这是很棒的工作经历。”马奎说。,“医院整洁美观，人们愿意来这里就医，这令我们感到骄傲。”医务人员马尔博说。,“感谢你们为医院改造和技术培训等作出的贡献。”南苏丹卫生部次长维多利亚·阿尼布·马朱尔专门写信向中国专家致谢。她表示：“在中国的无私支持下，南苏丹的医疗条件得到显著改善。期待中国援朱巴教学医院改扩建二期等新项目顺利实施，帮助南苏丹提高疾病防治能力，增进民生福祉。”",人民日报,HNTNM0FE000189FH.html?clickfrom,2022-12-06 14:52:11,共建“一带一路”民生项目增进民生福祉,https://www.163.com/news/article/HNTNM0FE000189FH.html?clickfrom=w_yw,https://wap.peopleapp.com/article/6943258/6803580
"用微信扫码二维码,分享至好友和朋友圈,当了全职奶爸后，肉爸曾经在小红书上发布一条帖子：“到底是为母则刚，还是被迫逞强？”,今年脱口秀大会的舞台上，女演员鸟鸟讲了个关于过家家的段子。,生活里的她不会做饭，家务废柴，于是别人问她，难道小时候没玩过过家家吗？,台下笑声一片，人们心照不宣地想起家务中隐身的男人，和带娃时手忙脚乱的父亲。,很长一段时间里，“爸爸带娃”是互联网上的固定笑话：他们分不清盐和糖，搞不明白尿不湿的正反面，不懂奶粉的温度。在孩子会说话之前，他们对待孩子的方式就像对待玩具——,孩子开心时摆弄两下，孩子哭起来就惊慌失措地躲开。,今年年初，猎聘发布了《职场人婚育生活状态洞察报告》，有37.76%的男性愿意成为全职爸爸。,我们不知道，在这些调查者心中，全职爸爸的生活应该是怎样，但我们找到了一些全职爸爸，与他们聊了聊真实的生活。,泡爸今年31岁，他的一天从早上七点半开始，在晚上十点结束。,七点半，他起床给孩子做早饭，早饭之后是陪玩时间，接着收拾家务，做中饭......,孩子两岁以后不再睡午觉，泡爸会把孩子放在客厅里的安全范围，自己提心吊胆地去睡十几分钟。,下午是流程的重复：带孩子出门、玩玩具、做家务，做饭。,九点钟左右，孩子上床睡觉，他哄睡到十点，之后开始忙碌自己的事情：,泡爸在短视频平台上经营一个自媒体账号，主要与育儿母婴相关。在孩子睡着后，他才有时间写脚本、录视频。,一天二十四个小时里，泡爸与孩子高度绑定的时间超过十小时，剩下的空闲时间，也往往需要保持绝对的安静。,这是所有全职父亲，或者说，所有全职照顾家庭的角色的现状。,远比“996”更让人疲惫。,和从前的受访者不同，这一次，,上午十点要带着小朋友外出、中午一点要陪小朋友睡午觉、下午六点是小朋友的吃饭时间......,养育年幼的孩子，是一件身心俱疲的差事。琐碎的家务活永远干不完，日复一日的照顾很难有成就感，自我价值也逐渐缺失。,但泡爸仍然不后悔自己的选择。,2020年初，泡爸一家在武汉被封控了半年。,孩子在2019年底出生，彼时的泡爸准备陪着妻子休完产假，就去筹备新的创业项目，但被关在家的半年里，他不得不用所有时间来与孩子相处。到现在，也“半推半就”地成为了一个全职爸爸。,他坦言，现在对于陪伴孩子已经有了一些新的理解。,在孩子出生前，他对亲子关系的认知相对简单：,“很多爸爸可能就是上班工作为主，用他下班的时间去陪伴孩子，大家都是这种情况。”,但如今，全职爸爸也成为了他尽心尽力做好的某种“事业”。,在当了全职爸爸之后，他开始与自己的原生家庭和解，也学会用合理的方式与孩子沟通。,比如在当孩子“无理取闹”的时候，他都会让自己先冷静下来，不去批评和指责孩子，而是用情感引导的方法，找到孩子情绪的触发点和孩子真正的需求。,在这些陪伴孩子的过程里，泡爸说：“我也获得了成长。”,他同样否认了父亲带娃的刻板印象：,“不管你之前是个多么大大咧咧不修边幅的人，一旦你要全职一个人带孩子，你就必须要有耐心、必须要有细心，把这个事情做得越细越好。”,但不得不承认的是，在今天，相较于全职妈妈，全职爸爸的付出，往往会更容易被看见和“放大”。,小说《82年生的金智英》里，全职妈妈金智英去买咖啡时，被一群职员叫作“妈虫”。,妈虫，网络流行语，是结合英文“mom”和“虫”的韩文新造单字，用于贬低无法管教在公共场合大声喧闹幼童的年轻妈妈；也用来贬低没有收入，专靠老公，在家里带孩子的全职妈妈。,肉爸97年出生，在成为全职爸爸之前，是一名律师。,他和妻子的收入相当，经济不是需要担心的因素。另外，肉爸比妻子小两岁，体力和精力都更好，心思也更细腻，比妻子更合适照顾孩子。,种种因素叠加，深思熟虑之后，他决定留在家里带娃。,肉爸并没有受到太多阻力，无论是亲人还是朋友，都很少责难他的选择，,今年年初，他正式辞职，近一年的全职生活之后，他甚至从这个身份里获得了更多的成就感。,孩子给了他极大的治愈感和安全感，他生病时会在梦里喊爸爸，吃饭时会第一时间找爸爸在哪儿，在孩子眼里，爸爸就像是全世界。,而当被问到是否会担心和社会脱节时，肉爸坦言：,肉爸曾经在小红书上发布一条帖子：,“到底是为母则刚，还是被迫逞强？”,文章里，他以自己的亲身经历讲述了这句话的陷阱。,肉爸全职带娃后，明显能感觉到妻子在家务上的“生疏”。,“所谓为母则刚更多地像一句给妈妈洗脑的话，让脆弱的女孩子们不得不接受现实面对生活的残酷，承担起本该两个人一同承担的责任。”,只不过当社会对女性和母职做出规定时，也意味着，在固化的角色分工下，人们往往会对不同性别有双重标准。,而当肉爸因为长久琐碎的带娃生活感受到心力交瘁时，妻子也总会注意到他的情绪，来给他讲笑话、谈心、开导他的心情。,甚至当他们开始物色新的工作机会时，全职爸爸的经历也可以为他们加分。,聊到全职爸爸这一身份的影响时，肉爸反倒很期待未来回到工作岗位。,他说，自己未来会把这段经历与同事、客户分享。毕竟，一个热爱家庭的男人，更容易给人留下“负责”“靠谱”的印象。,舆论对全职爸爸和全职妈妈有着全然不同的衡量尺度，对男性的期待并不高，因此，当男性选择全职育儿时，几乎会得到天然的认可。,当然，这并不意味着全职爸爸们可以在带娃这件事上顺利通关。,无论经过了多么漫长的考量与纠结，怀有多么美好的设想，新手爸爸们初入“战场”，还是会有手足无措的时刻。,安然今年三十岁，大学毕业后就去到了妻子的老家生活，2020年底，他辞去工作，正式成为一名全职爸爸。,和其他全职爸爸不同，他有一份与互联网相关的副业，基本在线上完成，同时收入也不菲。,相较其他需要考虑经济因素的家庭，他的生活看起来要和谐得多。,首先，是狭窄的社交圈层。,安然2017年来到妻子生活的城市，又从2020年开始做全职爸爸，在这个小城市里，他几乎没有属于自己的社交圈。,没有能说真心话的人、没有可以聊聊日常的人，所有的社交被局限在家庭里，他大部分时候能自我调节，但偶尔，还是会有喘不过气的瞬间。,紧接着，是极度不稳定的情绪。,妻子预产期前一个月，安然正式离职，孩子一出生，他就接过了照顾孩子的重任。,到孩子会说话之前，他没睡过一个好觉，第一次体会到了深深的无力：,“两点多起来，他就在那儿哭，也不知道为什么，他就疯狂哭，怎么也不管用。”,“他难受，但是你不知道他为什么难受，两个人都是折磨。”,“现在两岁多了，到了第一个叛逆期，比之前还要难带，你说什么他就反着来。”,今年九月，孩子被诊断为面神经麻痹，也就是面瘫。,为了给孩子治疗，安然和家人一起带着孩子到了广东省中医院，一个月里，孩子打针吃药、做理疗、热敷中药、做针灸......,孩子痛苦，安然作为父亲，更痛苦。,照顾孩子的每一天，他都身心俱疲。,也是在身体力行的全职生活里，他回忆起刚刚生完孩子的妻子，后知后觉地感受到彼时妻子的抑郁症状。,“有时候她一个人在那里闷闷不乐地哭，我也不知道怎么弄，我只能等她哭完了，再去安慰。她可能什么都明白，但只是难过。”,2012 年，美国民调机构盖洛普曾对6万名美国女性展开一项调研，结果发现留在家中照顾子女的全职妈妈，比职场妈妈有较多的负面情绪，比如抑郁、焦虑和愤怒。,研究人员也进一步指出，和社会脱节、职业发展停滞是导致全职妈妈抑郁的原因之一，而负面情绪通常会与全职抚养孩子相关。,长期围着孩子打转，社会期待中的“完美母亲”形象，与手忙脚乱的现实之间，往往会产生巨大的落差，但“大家都是这么过来的”等叙事逻辑，又令不少人忽略了母亲的痛苦。,意识到这一点后，全职爸爸们也有了新的思考。,一些全职爸爸打算长期做下去，把照顾家庭摆在第一位，当成是自己的事业。也有一些全职爸爸明白了全职带来的困境，准备在合适的节点回到工作岗位。,提到现在有更多的年轻人愿意成为全职爸爸时，肉爸说：“这是一件很好的事，我觉得这说明了社会的进步，或许也能减缓一点职场上的性别歧视。”,事实上，对于绝大部分家庭而言，谁来全职带娃，背后潜藏的问题是家庭分工、经济分配、精力多少。,但某种程度上，全职爸爸和全职妈妈的形象仍存在刻板成见。,当一个女性选择成为全职妈妈，人们忽视她的付出，将其视为理所当然；而当一个男性选择成为全职爸爸时，则是值得称赞的“牺牲”。,无论是忽视还是赞叹，本质都是对家庭工作的不认可。人们天然地认为家庭与工作相比是次要的、家庭内的事务也是简单而平庸的。,但全职本身并不低人一等，那些选择成为全职爸妈的男性或女性，也只是在现有的条件下，取得了家庭内的“最优解”。 ,比“最优解”更重要的，或许是认可家庭劳动的共识。观念的改变，才能让全职爸妈们，真正摆脱“母职”的绑架。,（文中均为化名。）,作者丨静怡,编辑丨桑桑,出品丨如是生活",举报,HNTFIBNH00019S37.html?clickfrom=w,2022-12-06 12:30:23　来源: ,90后全职奶爸，“比996活得更糟”,https://www.163.com/news/article/HNTFIBNH00019S37.html?clickfrom=w_wyzz,http://jubao.aq.163.com/
"用微信扫码二维码,分享至好友和朋友圈,
                        （原标题：十年来最严重流感疫情来袭！美国各州住院人数激增）
                    ,
	,
	,
						,
						,
					,中新网12月6日电 据美国新闻网站Axios当地时间5日报道，美国出现十多年来最严重的流感，冲击着已经因新冠疫情和呼吸道合胞病毒(RSV)而处于崩溃边缘的医疗卫生系统。,据报道，此次流感使几乎每个州都处于高或非常高的流感活动水平。,据美国疾病控制与预防中心(CDC)数据，感恩节期间与流感相关的住院人数几乎比前一周翻了一番，是自2010-2011年流感季以来的最高值。其中65岁及以上成年人和4岁及以下儿童受到的影响最大，尤其是如果他们有潜在健康问题。,但约40%的美国人却表示，他们不打算在这个季节接种流感疫苗，主要是担心疫苗效果不好或有副作用。,公共卫生专家表示，在过去两年里，口罩和其他新冠防疫措施在很大程度上遏制了流感，并阻断了它的季节性传播。但是，随着人们回归疫情前的生活，也使之更易受到感染。,去年，一个研究小组预测，一旦取消个人防护措施，儿童的疫情将大幅反弹，研究人员敦促实施强有力的“后续疫苗接种计划”。,CDC估计，到目前为止，流感季至少有870万人患病，7.8万人住院，4500人死亡。,据CNN报道，拜登政府已承诺提供资源和人员帮助当地卫生系统应对流感激增，但暂不考虑宣布进入公共卫生紧急状态。,据CDC数据，2009年到2022年期间，非裔成年人的流感住院率比白人成年人高出近80%。但在2021-2022流感季节期间，只有不到43%的非裔、西班牙裔和美洲原住民成年人接种了疫苗。,美国卫生与公共服务部部长泽维尔·贝塞拉在致各州的信中写道，联邦政府可以介入来帮助面临压力的医疗系统，比如允许人手短缺的医院享受豁免来增加治疗病人的能力，或者使他们更容易转移流感、新冠或RSV患者。",中国 新闻网,HNTNNP3H000189FH.html?clickfrom,2022-12-06 14:53:09,十年来最严重流感疫情来袭！美国各州住院人数激增,https://www.163.com/news/article/HNTNNP3H000189FH.html?clickfrom=w_yw,https://www.chinanews.com.cn/gj/2022/12-06/9909074.shtml
"用微信扫码二维码,分享至好友和朋友圈,
                        （原标题：社评：中国正为这个世界性目标做最大努力）
                    ,联合国《生物多样性公约》（简称《公约》）缔约方大会第十五次会议（简称COP15）第二阶段会议将于12月7日在加拿大蒙特利尔召开，这是一个世界性的大事，190多个缔约方的代表将就“2020年后全球生物多样性框架”（简称“框架”）展开磋商。如果“框架”得以通过，将成为人类团结一致应对全球性问题的一个重大成果，这在分裂和冲突司空见惯、共识和共同行动成为稀缺品的今天，意义更是非同寻常。作为COP15的主席国，中国正在为这个目标的实现做最大努力。,这次的情况比较特殊，由于新冠肺炎疫情的因素，根据联合国的统筹安排，在第一阶段会议去年在中国云南昆明成功举办后，COP15第二阶段会议转到《公约》秘书处所在地蒙特利尔开，中国还是会议的正式主席国，领导大会实质性和政治性事务。中国这次派出生态环境部、云南省人民政府、外交部等多个部门和单位组成的官方代表团赴蒙特利尔，虽然会址变了，但并没有影响中国履行、承担主席国的各项职责。,“框架”的达成需要取得190多个缔约方的一致同意，工作量之大之难可想而知。作为主席国，中国需要在所有代表团之间斡旋，组织安排一系列双边和多边会谈，以弥合分歧创造共识。据中方透露，相关谈判取得积极进展，“框架”结构及核心表述已经基本成型，将兼具雄心与现实，并照顾广大发展中国家的关切。,这里要特别说一下“爱知目标”的教训，2010年COP10制定了2011至2020年全球生物多样性保护目标，即“爱知目标”，但20项目标直到现在没有一项完全实现，只有6项部分实现。值得一提的是，中国不仅执行情况总体好于全球平均水平，还有一些目标是超额完成任务。而这次中国作为COP15主席国，从一开始就非常重视目标的可达性、可操作性以及各国的发展差异，在“框架”磋商中展现建设性和灵活性。,舆论还注意到，中国和加拿大就举办COP15第二阶段会议进行了高效的充满建设性的合作，没有被中加之间同时期出现的外交事件阻碍，这具有一定标志性。甚至有人希望，这次会议不仅将带来一项拯救自然世界的“框架”，还有可能修补中加之间的裂痕。这个善良的愿望可能是想多了，但事实的确证明，一旦排除单边主义、地缘政治和意识形态的干扰，中加之间或者说任何国家之间的务实合作都是水到渠成的结果，全球性问题的严峻性要求全人类必须加强这样的国际协作。,气候变化、环境污染和生物多样性丧失是全球三大环境问题。联合国发布的数据显示，物种灭绝速度比正常高出100—1000倍，100万物种正因人类而遭受灭绝威胁。如果不能以破釜沉舟的决心刹住目前的势头，要么人类在未来失去地球家园，要么我们自己成为下一个“恐龙”。中国人对生物多样性的认识和理解是深刻的。中共二十大报告指出“中国式现代化是人与自然和谐共生的现代化”，中国始终站在生命共同体的高度去看待生物多样性的问题，推动全球生物多样性保护进程。自COP15第一阶段会议以来，中方已经组织召开了近40次公约主席团会议，为公约重要会议筹备和谈判进程提供组织安排与指导意见。,COP15是中国第一次主持最大规模的世界环保会议，中国出色地完成了自己的工作，进一步展现出了国际影响力。这些年，在应对气候变化及生物多样性丧失问题上，中国逐渐完成了从跟随者到积极的参与者，再到现在的主导者或者领导者的角色转换，这不仅是中国式现代化的本质要求使然，也是中国式现代化与整个世界契合、命运与共的体现。,全球性问题是这个世界所有人都无法回避的共同挑战，COP15成功与否，代表着人类应对挑战的整体行动能力，这事关重大。而对主席国中国来说，自始至终就是脚踏实地把事干实干好，可谓功成不必在我、功成必定有我。",环球时报,HNTNMSPH000189FH.html?clickfrom,2022-12-06 14:52:40,社评：中国正为这个世界性目标做最大努力,https://www.163.com/news/article/HNTNMSPH000189FH.html?clickfrom=w_yw,https://opinion.huanqiu.com/article/4AkjMXANyi7
"用微信扫码二维码,分享至好友和朋友圈,
                        （原标题：为世界和平发展增添新动力）
                    ,江西省抚州市金溪县对桥镇坪上朱家村一带，田园广阔，生态良好，景美如画。,邓兴东摄（人民视觉）,基础设施建设不断推进、脱贫攻坚取得巨大成就、创新活力不断涌动……许多外国友好人士观察到、感受到中国的快速变化，他们对中国经济社会的高质量发展充满信心，相信中国人民必将书写更加绚烂的篇章。,“展现出强大的领导力和高度的责任感”,本报记者 万 宇,布莱恩·班达西装笔挺、戴着黑框眼镜，在接受记者采访前，他刚刚结束一场电视专访。作为马拉维总统前新闻秘书、现任马拉维时代电视台的主持人，班达用中文“你好”打开了话匣子。,“去年我第一次有机会去中国。这段经历虽然短暂，但却让我印象深刻。”2021年8月至11月，作为学员，班达参加了北京大学“东方奖学金”项目，得以近距离观察中国的城市和乡村生活，了解中国经济社会发展成就，进一步感知真实、立体、全面的中国。,“决定来中国是因为我听过很多关于中国发展的故事，特别是脱贫的故事。”班达说，通过多年努力，中国成为世界第二大经济体，全球影响力不断提升，特别是在2020年，中国如期完成了新时代脱贫攻坚目标任务，在摆脱贫困方面取得了不起的成绩。,“眼见为实。在中国的短短几个月里，我不仅去过繁华的现代化都市，还去了江西、贵州的农村，亲身了解乡村脱贫振兴故事，这是非常宝贵的经历。”在江西省井冈山市茅坪乡神山村，班达参观了当地村民新建的住宅，在他们家中吃了可口的农家菜，还特地在新房前留影。这趟行程，让他了解到这个小山村脱贫的故事。“过去，这里是深山中的贫困村。在中国共产党的领导下，村子发展旅游产业，环境变得整洁优美，村民家里通了自来水、网络和电话。”班达感慨，“如今，村民收入提高了，都在踏实努力工作，为美好生活而奋斗。”,在北京大学的学习中，有一门课程是“领导力与中国的社会经济转型”。上课时，班达总是会联想到自己在中国乡村的所见所闻。“中国共产党坚持以人民为中心，脱贫攻坚中展现出强大的领导力和高度的责任感，确保‘共同富裕路上，一个也不能掉队’。中国共产党带领中国人民摆脱贫困的经验做法，令人深受启发，对于经济欠发达的马拉维来说，具有巨大的借鉴意义。”,作为一个媒体人，班达在学习期间向老师提出了许多问题。譬如，如何实现对人民的承诺，如何推动基础设施建设等。学习结束后，他将在中国学习到的经验和得到的答案带回了家乡，与当地的社区和群众积极分享他在中国的所见所感，介绍中国发展的故事。,班达在华学习期间，适逢中非合作论坛第八届部长级会议在塞内加尔首都达喀尔举行，在这次会议上，中国提出将同非洲国家共同实施“九项工程”。这让班达感到兴奋，“非洲面临疫情和气候变化等多重挑战，‘九项工程’中包括了绿色发展工程。中国将为非洲援助实施10个绿色环保和应对气候变化项目，支持‘非洲绿色长城’建设，在非洲建设低碳示范区和适应气候变化示范区。”,“让我高兴的是，中国宣布将向非洲派遣500名农业专家。”班达表示，“马拉维是一个农业国家，希望在中国专家的帮助下，马拉维的农业能够快速发展。”谈及未来，他充满信心，“我相信，非洲和中国将会进行更多的贸易往来、更多的技术知识交流，并在减贫和应对气候变化方面展开更多合作。”,“有利于各国在互惠互利基础上共同发展”,本报记者 李欣怡,“与想象中不同，那里山林青翠、河水清澈，自然环境优美，还拥有独具特色的文化。当地居民通过精细化耕种、经营特色民宿等方式实现了脱贫致富，人们脸上洋溢着幸福的笑容。”美国姑娘中美·厄本尼亚（中文名于中美）同记者分享此前赴内蒙古自治区兴安盟旅行中的所见所感。,于中美的父母曾长期在中国从事教育工作，她在中国出生并度过了快乐的童年时光。这份特殊的缘分，让她对中国有着浓厚的兴趣和感情，中国的传统文化更让她深深着迷。随父母回国后，她依然通过互联网关注着一切与中国有关的信息。2011年，作为交换生她再次来到中国，交换结束后她决定留下来，一留就是10多年。,在中国的这些年里，于中美走过20多个省份，在旅途中感受更加多元的风貌。在北京观摩工匠手工轧制形态各异的纸鸢，在江西瓷都景德镇欣赏一件件精美瓷器，在云南感受秀丽的自然风光……她常常在国内外的社交媒体上分享与中国有关的点点滴滴，一趟趟旅程不仅让她感受到中国蓬勃发展的活力，也让她看到中国人民生活质量的显著提升。,“数字经济等新兴产业的蓬勃发展，不仅给人们日常生活带来许多便利，也为中国人民追求更加幸福美好的生活创造了更多机遇。”于中美感叹，不止这些，中国医疗卫生服务质量持续完善，医保报销覆盖范围不断扩大，医疗保障水平稳步提升。“作为一个拥有14亿多人口的大国，中国能取得这些成绩更显得难能可贵。”,在行走的过程中，于中美也更加直观地感受到中国为促进各国互联互通、共同发展所做出的努力。“在江苏连云港市，货船在港口往来穿梭不停，从海上运来的货物经由中欧班列，驶向哈萨克斯坦、德国等国家——我看到的这些场景正是共建‘一带一路’的生动缩影。这些年，一个个合作项目正在高效有序地运转和推进，不仅有利于各国在互惠互利基础上共同发展，也为世界和平发展增添新的动力。”她说。,谈起自己在中国的工作生活，于中美说，中国持续推进对外开放，对外合作不断深化，“我本人也在这种开放的环境中不断受益，开始了推广中国传统文化的个人事业。”她表示，文化交流可以促进不同国家、不同背景的人们相互理解，增进共识。她希望自己能够更加深入地学习中国文化，并向世界介绍中国文化，尤其用年轻人容易理解的方式阐释中国文化的精髓，让世界更加了解中国。,“玻利维亚人民实实在在受益于共建‘一带一路’”,本报记者 彭 敏,梅尔文·克拉乌雷（中文名艾里克）与中国结缘已近十年。2013年，艾里克获得玻利维亚政府奖学金，第一次踏上中国的土地。谈及为什么来中国留学，艾里克说：“中国是世界的中国，中国的发展与世界紧密相连。我希望更多地了解这个国家。”,2015年，艾里克取得对外经济贸易大学的工商管理硕士文凭。为了进一步学习中文、了解中国文化，艾里克又申请到北京语言大学继续深造。在校期间，他担任留学生会会长，并以优异的成绩毕业。“校园生活十分丰富，学校会举办各式各样的国际文化节，各国留学生都可以在这里找到与自己国家相关的文化活动，并参与其中。”在那里，艾里克与很多中国同学成为好友，“他们都非常友善，勤奋上进，并且具有国际视野，对文化交流很有兴趣，在和他们的相处中我获益匪浅。”,北京、广州、深圳……留学期间，艾里克走过中国很多地方。“中国地大物博，拥有灿烂悠久的历史文化，各地风俗人情各异，每到一处都会有新的发现。”艾里克感慨，“我亲眼看到年轻人在北上广等一线城市努力打拼，通过奋斗实现人生梦想；华为、阿里巴巴、腾讯等一批科技公司在中国展现出蓬勃的创新活力；微信、支付宝等移动支付方式在中国快速普及——中国的发展成就让人赞叹不已。”,通过持续快速发展，中国已稳居世界第二大经济体地位。自改革开放以来，中国7.7亿农村贫困人口摆脱贫困，减贫人口占同期全球减贫人口70%以上。中国在脱贫攻坚领域取得的巨大成就让艾里克深感钦佩，“中国为全球减贫事业提供了中国样本，对玻利维亚等广大发展中国家具有重要的参考价值。”,艾里克说，如今，共建“一带一路”倡议正在他的祖国结出累累硕果。玻利维亚素有“南美屋脊”的称号，平均海拔3800米。“很多中国公司在玻承建了水库大坝、水电站、公路等一些重点项目，不仅为当地创造了很多就业，也为民生和经济发展作出巨大贡献。玻利维亚人民实实在在受益于共建‘一带一路’。”艾里克说，这一倡议造福多方，让中国改革开放的成果和发展红利惠及沿线国家和地区人民，“中国共产党在为中国人民谋幸福的同时，也致力于为全人类的发展与进步作出更大贡献，这体现了负责任的大国担当，令人敬佩。”,新冠肺炎疫情防控期间，中国积极为其他有需要的国家提供疫苗和医疗器械，为弥合全球“免疫鸿沟”作出卓越贡献。玻利维亚超过一半的新冠疫苗来自中国。得益于此，玻国内新冠疫苗接种率不断提升。“这不仅是两国友谊的体现，也是携手构建人类卫生健康共同体的重要举措，我深刻感受到中国携手国际社会联合抗击新冠肺炎疫情的决心和努力。”艾里克说。,如今，艾里克在“未来链接”贸易平台担任拉美区经理，他经常往返于玻利维亚和中国，负责拉美地区和中国间的经贸业务。“在中国的学习经历帮我成就了现在的事业，也将让我长久受益。不仅是我，很多在中国的外国留学生都很感激在中国学习的宝贵经历，这对我们的职业选择和发展大有裨益。中国的发展为留学生带来了巨大机遇。”艾里克说。,“为促进全球共同发展贡献力量”,本报记者 彭 敏 谢佳宁,“中国共产党政策具有连续性，不断落实既定目标，取得了令人惊叹的成就。”厄瓜多尔大学生联合会主席埃里克·巴尔瓦对本报记者表示，“中国共产党以长远眼光看待发展问题，在带领中国实现自身发展的同时，也为促进全球共同发展贡献力量。”,中国共产党坚持发展为了人民、发展依靠人民、发展成果由人民共享，不断增强人民群众获得感、幸福感、安全感。巴尔瓦对中国共产党第二十次全国代表大会的举行印象深刻。他表示，中共二十大通过的各项决议，不仅旨在为中国人民谋幸福，也将为维护世界和平与发展作出更大贡献。在中国共产党的领导下，中国在实现第二个百年奋斗目标新征程上，一定能够实现高质量发展，以中国式现代化全面推进中华民族伟大复兴。,当今世界面临疫情蔓延、经济衰退、气候变化等全球性挑战，没有一个国家能够独善其身。巴尔瓦非常赞同中国提出的团结合作是国际社会战胜疫情最有力武器。他表示，提出全球发展倡议和全球安全倡议，是中国共产党为世界和平与发展作出的贡献，“这正是当下世界所需要的，中国共产党为促进世界和平与发展所做的努力令人敬佩。”,中国推进高质量共建“一带一路”，为沿线国家和地区以及世界经济增长带来红利、增添动力。随着中厄正式启动自贸协定谈判，两国经贸合作日益紧密。来自厄瓜多尔的白对虾、金枪鱼、鱼罐头、咖啡豆、香蕉等农产品有望以更低的成本价格进入中国，丰富百姓餐桌。“与中国的合作将大大推动厄瓜多尔的农业发展，提升我们的农产品产量和农民收入，也将促进厄瓜多尔农产品出口”，巴尔瓦说。,近年来，中国的新能源汽车逐渐进入拉美市场，在智利、厄瓜多尔、巴西、哥斯达黎加、哥伦比亚、乌拉圭和阿根廷等国，都能看到中国汽车的身影。巴尔瓦表示，中国新能源技术提升了当地民众的绿色出行体验，促进环境改善，也推动了拉美的交通电动化进程，新能源汽车产业的合作是拉中合作的生动代表。“中国坚持绿水青山就是金山银山理念，积极保护自然资源和环境，为子孙后代发展创造有利条件，我期待相关经验可以在拉美得到推广。”",人民日报,HNTNNV26000189FH.html?clickfrom,2022-12-06 14:53:15,为世界和平发展增添新动力,https://www.163.com/news/article/HNTNNV26000189FH.html?clickfrom=w_yw,https://wap.peopleapp.com/article/6943370/6803692
"用微信扫码二维码,分享至好友和朋友圈,
                        （原标题：【“一带一路”央企逐梦】我们在刚果(金) 一起向未来(下)）
                    ,
	,
	,
						,
						,
					",国际在线,HNN2OS37000189FH.html?clickfrom,2022-12-04 00:51:18,【“一带一路”央企逐梦】我们在刚果(金) 一起向未来(下),https://www.163.com/news/article/HNN2OS37000189FH.html?clickfrom=w_yw,https://news.cri.cn/20221202/6373429c-5852-7c76-e208-c6f971ba14e3.html
"用微信扫码二维码,分享至好友和朋友圈,
                        （原标题：【新时代新征程新伟业】义乌鸡鸣山“联合国社区”：在这里“对话世界”）
                    ,2022年1月25日，长期居住在鸡鸣山社区的外籍人士合影，庆祝小年。　董易鑫　摄,义乌12月2日电(董易鑫)“我们打算把小吃街改造成世界美食集市。未来，游客、市民可以在这里品尝到阿拉伯烤肉、土耳其冰激凌、韩国紫菜包饭等多国美食。”浙江义乌江东街道鸡鸣山社区党委书记何文君接受,记者采访时说。,义乌被称为“世界小商品之都”，吸引了不少外商常驻。因为距义乌国际商贸城较近，当地鸡鸣山社区居住着来自74个国家和地区的近2000位外籍人士。“与世界对话”的场景，在这座小社区不断上演。,2022年1月25日，长期居住在鸡鸣山社区的外籍人士到达该社区居民刘樟根(左二)家楼下拜年。　董易鑫 摄,从2003年鸡鸣山社区成立起，工作人员每年都会走访居民、收集民意。学中文是“洋居民”呼声最高的需求，社区汉语班应运而生，截至目前已有近万名外籍学生“毕业”。,“那年我12岁，是汉语班年纪最小的学生，同班同学大部分都是各个国家的商人，大家白天跑市场、做生意，晚上来学语言。”来自阿富汗的丽娜说，她的父亲在义乌从事外贸采购近20年，眼看生意越做越好，2017年年底便把一家人接来团聚。,“逢年过节，我们还会组织外籍居民参与中国传统文化体验活动。”鸡鸣山社区党委副书记经菁介绍，相关活动已连续举办6年，活动形式也从最初的贴对联、看春晚拓展到汇集各国美食的“国际年夜饭”、中秋“下午茶”等。,鸡鸣山社区汉语班交流学习现场。　丽娜 供图,随着义乌市场的对外开放程度越来越高，更多在义乌站稳脚跟的外商将家人接来义乌，生活需求也随之升级。,丽娜的两个弟弟在义乌上学、妹妹在这里出生、爸爸工作、妈妈负责照料家庭，涉及到的大事、小事几乎都能在社区办理。,“在多个部门的对接联动下，外籍居民在社区里就能办的事越来越多。”何文君告诉记者，社区的境外人员服务中心站点可以受理外国人签证申请、提供涉外法律咨询；借助鸡鸣山未来社区智慧服务平台，包括申请境外人员电子商友卡在内的56个日常事项还可以掌上办理，一键咨询。,据悉，该平台未来还将细化优化创业、涉外服务等场景应用。社区未来邻里中心日前完成审批，建成后将提供更多国际化服务。,鸡鸣山未来社区智慧服务平台。　董易鑫 摄,鸡鸣山社区与居民的关系是“双向奔赴”。近年来，越来越多外籍居民和中国居民一起加入志愿者团队，共享社区服务的同时共促社区发展。,高中毕业后，丽娜加入志愿服务团队。“我们会一起宣传垃圾分类的知识，也会和工作人员一起入户检查邻居家里的消防设备。有些居民听不懂中文，我就会帮忙翻译。”她说。,被称为“国际老娘舅”的伊朗籍商人哈米(中)参与社区矛盾调解。　王刚 摄,“大家来自不同的国家和地区，拥有不同的语言和文化，有摩擦是非常正常的事情。同样面孔的人做‘中间人’，能‘大事化小，小事化了’。”在社区从事“以外调外”工作10余年、被称为“国际老娘舅”的伊朗籍商人哈米说。,近年来，义乌市场出口、进口、转口并重，形成了一个辐射海内外的市场网络、物流网络和产业合作网络。在此背景下，鸡鸣山社区汉语班延续出了更多可能，人们不仅仅在这里学习中文，还开始学习不同国家的语言，以便抓住更多商机。,鸡鸣山社区掌上服务平台。　董易鑫 摄,比如，随着义乌市场出现越来越多的阿拉伯国家商人，以及开往西班牙的“义新欧”中欧班列运输更加便利，社区及汉语班“毕业生”开始组织兴趣小组，学习阿拉伯语、西班牙语。,鸡鸣山社区社工祝燕芬说，此前，在旅居西班牙数十年的中国志愿者、精通西班牙语的外籍居民牵头下，社区的西语角已成立，报名人数越来越多。“我跟着西语角学习，有时候帮着做一些教材翻译工作。技多不压身，以后可能还会组织更多国家语言的交流。”,丽娜的父亲之前仅从事阿富汗往来义乌的外贸生意。几年前，他从义乌前往俄罗斯了解当地市场需求，为以后参与义乌商品销往俄罗斯、俄罗斯商品销往阿富汗的贸易做准备。,“义乌的商品很多，物流越来越方便。既然全世界的人在这里做生意，我们也可以在这里试着接全世界的订单。”丽娜说，目前她就读于浙江海洋大学的商务英语专业，也是为以后从事外贸相关工作做准备。(完)",中国 新闻网,HNN2NMRS000189FH.html?clickfrom,2022-12-04 00:50:40,【新时代新征程新伟业】义乌鸡鸣山“联合国社区”：在这里“对话世界”,https://www.163.com/news/article/HNN2NMRS000189FH.html?clickfrom=w_yw,https://www.chinanews.com.cn/gn/2022/12-02/9907327.shtml
"用微信扫码二维码,分享至好友和朋友圈,
                        （原标题：新华时评：优化防控措施 树立抗疫自信）
                    ,新华社北京12月5日电 ,新华社记者,随着奥密克戎病毒致病性的减弱、疫苗接种的普及、防控经验的积累，我国疫情防控面临新形势新任务。,在与新冠病毒的较量中，我们始终把人民群众生命安全和身体健康放在第一位，主动识变应变，疫情防控不放松、不焦虑、不停步，树立了抗疫自信。近三年的抗疫实践表明，我们有基础、有条件、有能力打赢常态化疫情防控攻坚战。,不放松，始终把握战“疫”主动权。应对世纪疫情，难在复杂，难在反复。从取得武汉保卫战、湖北保卫战的决定性成果，到成功控制住由德尔塔变异株引发的疫情，再到迎战奥密克戎变异株……我国经受住全球多轮疫情流行的冲击。实践充分证明，党中央确定的疫情防控方针政策是正确的、科学的、有效的。,不焦虑，全面认识近三年抗疫实践成果。中国成为世界主要大国中新冠肺炎发病率最低、死亡人数最少的国家。医疗卫生和疾控体系经受住了考验，实现了全人群疫苗完全接种率超90%。最困难的时期已经走过，现在奥密克戎病毒致病力在减弱，我们的应对能力在增强，这为持续优化完善防控举措奠定了基础，提供了条件。,不停步，因时因势优化完善防控措施。持续跟踪病毒变异，高效分析奥密克戎及其亚分支特点，我国不断提高对病毒的认识。动态总结疫情防控经验，从先后推行九版防控方案，到制定二十条优化措施，我国以防控战略的稳定性、防控措施的灵活性，有效应对疫情形势的不确定性。,世界卫生组织12月2日表示，我们现在距离能够宣布新冠大流行紧急阶段结束的那一刻更近了，但我们还没走到那一步。,疫情防控是一项系统工程，每一环都很重要。回归正常是我们的共同心愿，我们要完整、全面、准确地把握和执行防控措施，规范操作、不变形不走样，不断提升认识，加强治理能力，做好充分准备，推动防控措施持续优化。,慎终如始、善作善成。坚持就是胜利，坚持必将胜利！",新华社客户端,HNRTFPJN0001899O.html?f=post2020_dy_recom,2022-12-05 21:55:10,新华时评：优化防控措施 树立抗疫自信,https://www.163.com/news/article/HNRTFPJN0001899O.html?f=post2020_dy_recommends,http://m.news.cn/2022-12/05/c_1129185654.htm
"用微信扫码二维码,分享至好友和朋友圈,
                        （原标题：海南多地对省外来（返）人员不再实施分类管控）
                    ,12月5日，海南省海口、三亚、儋州、澄迈、东方等多个市县发布关于调整省外来（返）人员疫情防控管理措施的通告，宣布自即日起，海南上述市县对省外来（返）人员不再实施分类管理。,海南省疾控中心温馨提示：省外来（返）人员，建议抵达后开展3天自我健康监测，不聚餐、不聚会、不聚集，出现发热、干咳、味嗅觉减退等症状要及时就医。,
                    ",央视新闻客户端,HNSU0GMM000189PS.html?f=post2020_dy_recom,2022-12-06 07:23:32,海南多地对省外来（返）人员不再实施分类管控,https://www.163.com/news/article/HNSU0GMM000189PS.html?f=post2020_dy_recommends,https://content-static.cctvnews.cctv.com/snow-book/index.html?item_id=5586597418788392578
"用微信扫码二维码,分享至好友和朋友圈,
                        （原标题：交通运输部等部门发布关于修改《网络预约出租汽车经营服务管理暂行办法》的决定）
                    ,交通运输部网站12月5日消息，交通运输部、工业和信息化部、公安部、商务部、市场监管总局、国家网信办发布关于修改《网络预约出租汽车经营服务管理暂行办法》的决定，具体内容如下。,交通运输部、工业和信息化部、公安部、商务部、市场监管总局、国家网信办决定对《网络预约出租汽车经营服务管理暂行办法》（交通运输部 工业和信息化部 公安部 商务部 市场监管总局 国家网信办令2019年第46号）作如下修改：,一、将第三十四条修改为“违反本规定，擅自从事或者变相从事网约车经营活动，有下列行为之一的，由县级以上出租汽车行政主管部门责令改正，予以警告，并按照以下规定分别予以罚款；构成犯罪的，依法追究刑事责任：,（一）未取得《网络预约出租汽车经营许可证》的，对网约车平台公司处以10000元以上30000元以下罚款；,（二）未取得《网络预约出租汽车运输证》的，对当事人处以3000元以上10000元以下罚款；,（三）未取得《网络预约出租汽车驾驶员证》的，对当事人处以200元以上2000元以下罚款。,伪造、变造或者使用伪造、变造、失效的《网络预约出租汽车运输证》《网络预约出租汽车驾驶员证》从事网约车经营活动的，分别按照前款第（二）项、第（三）项的规定予以罚款。”,二、删去第三十六条第一款第一项。,条文序号作相应调整。,本决定自公布之日起施行。,《网络预约出租汽车经营服务管理暂行办法》根据本决定作相应修正，重新公布。,网络预约出租汽车经营服务管理暂行办法,（2016年7月27日交通运输部、工业和信息化部、公安部、商务部、工商总局、质检总局、国家网信办发布，根据2019年12月28日《交通运输部 工业和信息化部 公安部 商务部 市场监管总局 国家网信办关于修改〈网络预约出租汽车经营服务管理暂行办法〉的决定》第一次修正，根据2022年11月30日《交通运输部 工业和信息化部 公安部 商务部 市场监管总局 国家网信办关于修改〈网络预约出租汽车经营服务管理暂行办法〉的决定》第二次修正）,第一章　总   则,第一条　为更好地满足社会公众多样化出行需求，促进出租汽车行业和互联网融合发展，规范网络预约出租汽车经营服务行为，保障运营安全和乘客合法权益，根据国家有关法律、行政法规，制定本办法。,第二条　从事网络预约出租汽车（以下简称网约车）经营服务，应当遵守本办法。,本办法所称网约车经营服务，是指以互联网技术为依托构建服务平台，整合供需信息，使用符合条件的车辆和驾驶员，提供非巡游的预约出租汽车服务的经营活动。,本办法所称网络预约出租汽车经营者（以下称网约车平台公司），是指构建网络服务平台，从事网约车经营服务的企业法人。,第三条　坚持优先发展城市公共交通、适度发展出租汽车，按照高品质服务、差异化经营的原则，有序发展网约车。,网约车运价实行市场调节价，城市人民政府认为有必要实行政府指导价的除外。,第四条　国务院交通运输主管部门负责指导全国网约车管理工作。,各省、自治区人民政府交通运输主管部门在本级人民政府领导下，负责指导本行政区域内网约车管理工作。,直辖市、设区的市级或者县级交通运输主管部门或人民政府指定的其他出租汽车行政主管部门（以下称出租汽车行政主管部门）在本级人民政府领导下，负责具体实施网约车管理。,其他有关部门依据法定职责，对网约车实施相关监督管理。,第二章　网约车平台公司,第五条　申请从事网约车经营的，应当具备线上线下服务能力，符合下列条件：,（一）具有企业法人资格；,（二）具备开展网约车经营的互联网平台和与拟开展业务相适应的信息数据交互及处理能力，具备供交通、通信、公安、税务、网信等相关监管部门依法调取查询相关网络数据信息的条件，网络服务平台数据库接入出租汽车行政主管部门监管平台，服务器设置在中国内地，有符合规定的网络安全管理制度和安全保护技术措施；,（三）使用电子支付的，应当与银行、非银行支付机构签订提供支付结算服务的协议；,（四）有健全的经营管理制度、安全生产管理制度和服务质量保障制度；,（五）在服务所在地有相应服务机构及服务能力；,（六）法律法规规定的其他条件。,外商投资网约车经营的，除符合上述条件外，还应当符合外商投资相关法律法规的规定。,第六条　申请从事网约车经营的，应当根据经营区域向相应的出租汽车行政主管部门提出申请，并提交以下材料：,（一）网络预约出租汽车经营申请表（见附件）；,（二）投资人、负责人身份、资信证明及其复印件，经办人的身份证明及其复印件和委托书；,（三）企业法人营业执照，属于分支机构的还应当提交营业执照；,（四）服务所在地办公场所、负责人员和管理人员等信息；,（五）具备互联网平台和信息数据交互及处理能力的证明材料，具备供交通、通信、公安、税务、网信等相关监管部门依法调取查询相关网络数据信息条件的证明材料，数据库接入情况说明，服务器设置在中国内地的情况说明，依法建立并落实网络安全管理制度和安全保护技术措施的证明材料；,（六）使用电子支付的，应当提供与银行、非银行支付机构签订的支付结算服务协议；,（七）经营管理制度、安全生产管理制度和服务质量保障制度文本；,（八）法律法规要求提供的其他材料。,首次从事网约车经营的，应当向企业注册地相应出租汽车行政主管部门提出申请，前款第（五）、第（六）项有关线上服务能力材料由网约车平台公司注册地省级交通运输主管部门商同级通信、公安、税务、网信、人民银行等部门审核认定，并提供相应认定结果，认定结果全国有效。网约车平台公司在注册地以外申请从事网约车经营的，应当提交前款第（五）、第（六）项有关线上服务能力认定结果。,其他线下服务能力材料，由受理申请的出租汽车行政主管部门进行审核。,第七条　出租汽车行政主管部门应当自受理之日起20日内作出许可或者不予许可的决定。20日内不能作出决定的，经实施机关负责人批准，可以延长10日，并应当将延长期限的理由告知申请人。,第八条　出租汽车行政主管部门对于网约车经营申请作出行政许可决定的，应当明确经营范围、经营区域、经营期限等，并发放《网络预约出租汽车经营许可证》。,第九条　出租汽车行政主管部门对不符合规定条件的申请作出不予行政许可决定的，应当向申请人出具《不予行政许可决定书》。,第十条　网约车平台公司应当在取得相应《网络预约出租汽车经营许可证》并向企业注册地省级通信主管部门申请互联网信息服务备案后，方可开展相关业务。备案内容包括经营者真实身份信息、接入信息、出租汽车行政主管部门核发的《网络预约出租汽车经营许可证》等。涉及经营电信业务的，还应当符合电信管理的相关规定。,网约车平台公司应当自网络正式联通之日起30日内，到网约车平台公司管理运营机构所在地的省级人民政府公安机关指定的受理机关办理备案手续。,第十一条　网约车平台公司暂停或者终止运营的，应当提前30日向服务所在地出租汽车行政主管部门书面报告，说明有关情况，通告提供服务的车辆所有人和驾驶员，并向社会公告。终止经营的，应当将相应《网络预约出租汽车经营许可证》交回原许可机关。,第三章　网约车车辆和驾驶员,第十二条　拟从事网约车经营的车辆，应当符合以下条件：,（一）7座及以下乘用车；,（二）安装具有行驶记录功能的车辆卫星定位装置、应急报警装置；,（三）车辆技术性能符合运营安全相关标准要求。,车辆的具体标准和营运要求，由相应的出租汽车行政主管部门，按照高品质服务、差异化经营的发展原则，结合本地实际情况确定。,第十三条　服务所在地出租汽车行政主管部门依车辆所有人或者网约车平台公司申请，按第十二条规定的条件审核后，对符合条件并登记为预约出租客运的车辆，发放《网络预约出租汽车运输证》。,城市人民政府对网约车发放《网络预约出租汽车运输证》另有规定的，从其规定。,第十四条　从事网约车服务的驾驶员，应当符合以下条件：,（一）取得相应准驾车型机动车驾驶证并具有3年以上驾驶经历；,（二）无交通肇事犯罪、危险驾驶犯罪记录，无吸毒记录，无饮酒后驾驶记录，最近连续3个记分周期内没有记满12分记录；,（三）无暴力犯罪记录；,（四）城市人民政府规定的其他条件。,第十五条　服务所在地设区的市级出租汽车行政主管部门依驾驶员或者网约车平台公司申请，按第十四条规定的条件核查并按规定考核后，为符合条件且考核合格的驾驶员，发放《网络预约出租汽车驾驶员证》。,第四章　网约车经营行为,第十六条　网约车平台公司承担承运人责任，应当保证运营安全，保障乘客合法权益。,第十七条　网约车平台公司应当保证提供服务车辆具备合法营运资质，技术状况良好，安全性能可靠，具有营运车辆相关保险，保证线上提供服务的车辆与线下实际提供服务的车辆一致，并将车辆相关信息向服务所在地出租汽车行政主管部门报备。,第十八条　网约车平台公司应当保证提供服务的驾驶员具有合法从业资格，按照有关法律法规规定，根据工作时长、服务频次等特点，与驾驶员签订多种形式的劳动合同或者协议，明确双方的权利和义务。网约车平台公司应当维护和保障驾驶员合法权益，开展有关法律法规、职业道德、服务规范、安全运营等方面的岗前培训和日常教育，保证线上提供服务的驾驶员与线下实际提供服务的驾驶员一致，并将驾驶员相关信息向服务所在地出租汽车行政主管部门报备。,网约车平台公司应当记录驾驶员、约车人在其服务平台发布的信息内容、用户注册信息、身份认证信息、订单日志、上网日志、网上交易日志、行驶轨迹日志等数据并备份。,第十九条　网约车平台公司应当公布确定符合国家有关规定的计程计价方式，明确服务项目和质量承诺，建立服务评价体系和乘客投诉处理制度，如实采集与记录驾驶员服务信息。在提供网约车服务时，提供驾驶员姓名、照片、手机号码和服务评价结果，以及车辆牌照等信息。,第二十条　网约车平台公司应当合理确定网约车运价，实行明码标价，并向乘客提供相应的出租汽车发票。,第二十一条　网约车平台公司不得妨碍市场公平竞争，不得侵害乘客合法权益和社会公共利益。,网约车平台公司不得有为排挤竞争对手或者独占市场，以低于成本的价格运营扰乱正常市场秩序，损害国家利益或者其他经营者合法权益等不正当价格行为，不得有价格违法行为。,第二十二条　网约车应当在许可的经营区域内从事经营活动，超出许可的经营区域的，起讫点一端应当在许可的经营区域内。,第二十三条　网约车平台公司应当依法纳税，为乘客购买承运人责任险等相关保险，充分保障乘客权益。,第二十四条　网约车平台公司应当加强安全管理，落实运营、网络等安全防范措施，严格数据安全保护和管理，提高安全防范和抗风险能力，支持配合有关部门开展相关工作。,第二十五条　网约车平台公司和驾驶员提供经营服务应当符合国家有关运营服务标准，不得途中甩客或者故意绕道行驶，不得违规收费，不得对举报、投诉其服务质量或者对其服务作出不满意评价的乘客实施报复行为。,第二十六条　网约车平台公司应当通过其服务平台以显著方式将驾驶员、约车人和乘客等个人信息的采集和使用的目的、方式和范围进行告知。未经信息主体明示同意，网约车平台公司不得使用前述个人信息用于开展其他业务。,网约车平台公司采集驾驶员、约车人和乘客的个人信息，不得超越提供网约车业务所必需的范围。,除配合国家机关依法行使监督检查权或者刑事侦查权外，网约车平台公司不得向任何第三方提供驾驶员、约车人和乘客的姓名、联系方式、家庭住址、银行账户或者支付账户、地理位置、出行线路等个人信息，不得泄露地理坐标、地理标志物等涉及国家安全的敏感信息。发生信息泄露后，网约车平台公司应当及时向相关主管部门报告，并采取及时有效的补救措施。,第二十七条　网约车平台公司应当遵守国家网络和信息安全有关规定，所采集的个人信息和生成的业务数据，应当在中国内地存储和使用，保存期限不少于2年，除法律法规另有规定外，上述信息和数据不得外流。,网约车平台公司不得利用其服务平台发布法律法规禁止传播的信息，不得为企业、个人及其他团体、组织发布有害信息提供便利，并采取有效措施过滤阻断有害信息传播。发现他人利用其网络服务平台传播有害信息的，应当立即停止传输，保存有关记录，并向国家有关机关报告。,网约车平台公司应当依照法律规定，为公安机关依法开展国家安全工作，防范、调查违法犯罪活动提供必要的技术支持与协助。,第二十八条　任何企业和个人不得向未取得合法资质的车辆、驾驶员提供信息对接开展网约车经营服务。不得以私人小客车合乘名义提供网约车经营服务。,网约车车辆和驾驶员不得通过未取得经营许可的网络服务平台提供运营服务。,第五章　监督检查,第二十九条　出租汽车行政主管部门应当建设和完善政府监管平台，实现与网约车平台信息共享。共享信息应当包括车辆和驾驶员基本信息、服务质量以及乘客评价信息等。,出租汽车行政主管部门应当加强对网约车市场监管，加强对网约车平台公司、车辆和驾驶员的资质审查与证件核发管理。,出租汽车行政主管部门应当定期组织开展网约车服务质量测评，并及时向社会公布本地区网约车平台公司基本信息、服务质量测评结果、乘客投诉处理情况等信息。,出租汽车行政主管、公安等部门有权根据管理需要依法调取查阅管辖范围内网约车平台公司的登记、运营和交易等相关数据信息。,第三十条　通信主管部门和公安、网信部门应当按照各自职责，对网约车平台公司非法收集、存储、处理和利用有关个人信息、违反互联网信息服务有关规定、危害网络和信息安全、应用网约车服务平台发布有害信息或者为企业、个人及其他团体组织发布有害信息提供便利的行为，依法进行查处，并配合出租汽车行政主管部门对认定存在违法违规行为的网约车平台公司进行依法处置。,公安机关、网信部门应当按照各自职责监督检查网络安全管理制度和安全保护技术措施的落实情况，防范、查处有关违法犯罪活动。,第三十一条　发展改革、价格、通信、公安、人力资源社会保障、商务、人民银行、税务、市场监管、网信等部门按照各自职责，对网约车经营行为实施相关监督检查，并对违法行为依法处理。,第三十二条　各有关部门应当按照职责建立网约车平台公司和驾驶员信用记录，并纳入全国信用信息共享平台。同时将网约车平台公司行政许可和行政处罚等信用信息在国家企业信用信息公示系统上予以公示。,第三十三条　出租汽车行业协会组织应当建立网约车平台公司和驾驶员不良记录名单制度，加强行业自律。,第六章　法律责任,第三十四条　违反本规定，擅自从事或者变相从事网约车经营活动，有下列行为之一的，由县级以上出租汽车行政主管部门责令改正，予以警告，并按照以下规定分别予以罚款；构成犯罪的，依法追究刑事责任：,（一）未取得《网络预约出租汽车经营许可证》的，对网约车平台公司处以10000元以上30000元以下罚款；,（二）未取得《网络预约出租汽车运输证》的，对当事人处以3000元以上10000元以下罚款；,（三）未取得《网络预约出租汽车驾驶员证》的，对当事人处以200元以上2000元以下罚款。,伪造、变造或者使用伪造、变造、失效的《网络预约出租汽车运输证》《网络预约出租汽车驾驶员证》从事网约车经营活动的，分别按照前款第（二）项、第（三）项的规定予以罚款。,第三十五条　网约车平台公司违反本规定，有下列行为之一的，由县级以上出租汽车行政主管部门和价格主管部门按照职责责令改正，对每次违法行为处以5000元以上10000元以下罚款；情节严重的，处以10000元以上30000元以下罚款：,（一）提供服务车辆未取得《网络预约出租汽车运输证》,或者线上提供服务车辆与线下实际提供服务车辆不一致的；,（二）提供服务驾驶员未取得《网络预约出租汽车驾驶员证》，或者线上提供服务驾驶员与线下实际提供服务驾驶员不一致的；,（三）未按照规定保证车辆技术状况良好的；,（四）起讫点均不在许可的经营区域从事网约车经营活动的；,（五）未按照规定将提供服务的车辆、驾驶员相关信息向服务所在地出租汽车行政主管部门报备的；,（六）未按照规定制定服务质量标准、建立并落实投诉举报制度的；,（七）未按照规定提供共享信息，或者不配合出租汽车行政主管部门调取查阅相关数据信息的；,（八）未履行管理责任，出现甩客、故意绕道、违规收费等严重违反国家相关运营服务标准行为的。,网约车平台公司不再具备线上线下服务能力或者有严重违法行为的，由县级以上出租汽车行政主管部门依据相关法律法规的有关规定责令停业整顿、吊销相关许可证件。,第三十六条　网约车驾驶员违反本规定，有下列情形之一的，由县级以上出租汽车行政主管部门和价格主管部门按照职责责令改正，对每次违法行为处以50元以上200元以下罚款：,（一）途中甩客或者故意绕道行驶的；,（二）违规收费的；,（三）对举报、投诉其服务质量或者对其服务作出不满意评价的乘客实施报复行为的。,网约车驾驶员不再具备从业条件或者有严重违法行为的，由县级以上出租汽车行政主管部门依据相关法律法规的有关规定撤销或者吊销从业资格证件。,对网约车驾驶员的行政处罚信息计入驾驶员和网约车平台公司信用记录。,第三十七条　网约车平台公司违反本规定第十、十八、二十六、二十七条有关规定的，由网信部门、公安机关和通信主管部门按各自职责依照相关法律法规规定给予处罚；给信息主体造成损失的，依法承担民事责任；涉嫌犯罪的，依法追究刑事责任。,网约车平台公司及网约车驾驶员违法使用或者泄露约车人、乘客个人信息的，由公安、网信等部门依照各自职责处以2000元以上10000元以下罚款；给信息主体造成损失的，依法承担民事责任；涉嫌犯罪的，依法追究刑事责任。,网约车平台公司拒不履行或者拒不按要求为公安机关依法开展国家安全工作，防范、调查违法犯罪活动提供技术支持与协助的，由公安机关依法予以处罚；构成犯罪的，依法追究刑事责任。,第七章　附   则,第三十八条　私人小客车合乘，也称为拼车、顺风车，按城市人民政府有关规定执行。,第三十九条　网约车行驶里程达到60万千米时强制报废。行驶里程未达到60万千米但使用年限达到8年时，退出网约车经营。,小、微型非营运载客汽车登记为预约出租客运的，按照网约车报废标准报废。其他小、微型营运载客汽车登记为预约出租客运的，按照该类型营运载客汽车报废标准和网约车报废标准中先行达到的标准报废。,省、自治区、直辖市人民政府有关部门要结合本地实际情况，制定网约车报废标准的具体规定，并报国务院商务、公安、交通运输等部门备案。,第四十条　本办法自2016年11月1日起实施。各地可根据本办法结合本地实际制定具体实施细则。",界面新闻,HNRC3TIU0001899N.html?f=post2020_dy_recom,2022-12-05 16:51:35,交通运输部等部门发布关于修改《网络预约出租汽车经营服务管理暂行办法》的决定,https://www.163.com/news/article/HNRC3TIU0001899N.html?f=post2020_dy_recommends,https://www.jiemian.com/article/8512881.html
"用微信扫码二维码,分享至好友和朋友圈,
                        （原标题：一图读懂|阳了怎么办？该不该囤药？）
                    ,预防新冠和流感，该如何备药？北京佑安医院感染综合科主任、小汤山方舱医院医疗专家李侗曾提醒市民，可适当备药，但自主用药需谨慎，没有必要盲目跟风囤药。结合北京本轮疫情主要毒株奥密克戎BF.7的临床特点，李侗曾总结了一份症状分析，供市民参考判断。,
                    ",北京日报客户端,HNSULAS80001899O,2022-12-06 07:34:54,一图读懂|阳了怎么办？该不该囤药？,https://www.163.com/news/article/HNSULAS80001899O.html,https://bj.bjd.com.cn/5b165687a010550e5ddc0e6a/contentShare/5b16573ae4b02a9fe2d558f9/AP638e7a68e4b06154fc846d1c.html
"用微信扫码二维码,分享至好友和朋友圈,
                        （原标题：多地放宽跨省流动限制，航班火车预订量倍增，机票均价超国庆）
                    ,12月5日晚间，海口、三亚先后发布调整省外来（返）人员的管理措施，不再实施分类管控。,在此之前，已有杭州市、山东省等多地为跨省市流动“松绑”，“落地检”由强制改为“愿检尽检”自愿检测。,第一财经记者同时了解到，在全国多地优化防控措施，多地放宽跨省流动限制下，,。,12月5日晚间，“海口发布”通知称，即日起，对省外来（返）海口人员不再实施分类管控。建议抵达海口后开展3天自我健康监测，不聚餐、不聚会、不聚集，出现发热、干咳、味嗅觉减退等症状要及时就医。,随后不久，“三亚发布”也通知称，即日起，对省外来（返）三亚人员不再实施分类管理。,在此之前，海口和三亚均对抵达人员按照旅居史划分了三个级别的管理措施。比如来自重庆，天津，河北等多地人员在抵达三亚后实施落地检，具备居家隔离条件的落实3天居家隔离和2天居家健康监测，不具备居家隔离条件的落实3天集中隔离等。,而在发布“不再实施分类管理”通知后，根据“三亚发布”公众号小编对留言的回复，外省人员抵达三亚后未满三天要想去景区或三天堂食，只需要按照三亚市常态化核酸（三天一检），,，而不再是前几天还在执行的“三天三检三不”。,除了海口和三亚，同样是12月5日起，山东省也取消了交通场站、港口码头、高速卡口等场所强制性核酸检测“落地检”要求，继续提供“愿检尽检”服务。据杭州电视台等媒体报道，12月5日起，进入杭州萧山机场的旅客须查验健康码绿码和行程卡，但不再扫场所码。萧山机场出港的旅客，须查验48小时核酸阴性证明。坐飞机抵达萧山机场的旅客，落地核酸检测“愿检尽检”。杭州东站也宣布不再扫场所码，到站“落地检”不强制。,随着各地陆续调整市内和跨省出行政策，近几天的民航航班量也开始出现回复态势。,来自航班管家的数据显示，截至12月4日，沈阳机场和银川机场的航班量已经连续6天增长，哈尔滨，重庆，大连和呼和浩特机场的航班量已经连续5天增长。,其中，,。,与此同时，平台的机票预订量也增长明显。去哪儿数据显示，12月3-4日环比一周前（11月26-27日），广州进出港机票预订量均有170%增加；从郑州出发的机票预订量增长2倍，到达郑州的机票预订量增长近4倍；5日取消强制“落地检”的山东省会济南，进出港机票预订量有1倍增长；逐步恢复正常生产生活秩序的,。,近一周来火车票预订量也在同步上涨。郑州12月3-4日环比前一周末（11月26-27日）增长1倍，济南增长3倍，青岛增长2倍，重庆增长7.4倍。去哪儿产品负责人戴龙挺介绍，目前订票群体中，学生票出票量增长明显。,多地优化调整防控政策也拉动了机票价格的上涨。同程旅行数据显示，过去一周机票平均价格周环比上涨30%达到750元（含税），,。其中12月3日单日人均机票价格922（含税），达到十月以来机票平均价格峰值。,不过，虽然近几天航班量和预订量都在恢复中，但从今年的整体情况来看，,，这与目前更多地方仍在对外省抵达人员实施“三天三检三不”政策不无关系。,航班管家数据显示，2022年第48周（11.28-12.4），全国民航执行客运航班量超2.2万架次，日均航班量3269架次，环比上周下降18.8%，同比2021年下降61.5%，同比2019年下降77%，航班执飞率为22.1%。",第一财经,HNTAU83R0001899N.html?f=post2020_dy_recom,2022-12-06 11:09:29,多地放宽跨省流动限制，航班火车预订量倍增，机票均价超国庆,https://www.163.com/news/article/HNTAU83R0001899N.html?f=post2020_dy_recommends,https://www.yicai.com/news/101615111.html
"用微信扫码二维码,分享至好友和朋友圈,
                        （原标题：江泽民同志治丧委员会公告（第3号））
                    ,新华社北京12月6日电 江泽民同志治丧委员会公告,（第3号）,在我党我军我国各族人民公认的享有崇高威望的卓越领导人，伟大的马克思主义者，伟大的无产阶级革命家、政治家、军事家、外交家，久经考验的共产主义战士，中国特色社会主义伟大事业的杰出领导者，党的第三代中央领导集体的核心，“三个代表”重要思想的主要创立者江泽民同志逝世后，承蒙许多国家的元首、政府首脑和议会、政府部门，政党，友好团体，各界友好人士，一些国际组织的负责人，许多国家的驻华使节，在华的外国友人，海外华侨、华人，港、澳、台同胞发来了大量唁电、唁函，发表声明、谈话，参加吊唁活动，表示深切的哀悼和慰问。对此，谨表示衷心感谢。,全党全军全国各族人民决心在以习近平同志为核心的党中央坚强领导下，高举中国特色社会主义伟大旗帜，全面贯彻习近平新时代中国特色社会主义思想，坚持党的基本理论、基本路线、基本方略不动摇，化悲痛为力量，统筹推进“五位一体”总体布局、“四个全面”战略布局，推动构建人类命运共同体，为全面建设社会主义现代化国家、全面推进中华民族伟大复兴而团结奋斗。,特此公告。,江泽民同志治丧委员会,2022年12月6日",新华社,HNTKV5E50001899N,2022-12-06 14:04:45,江泽民同志治丧委员会公告（第3号）,https://www.163.com/news/article/HNTKV5E50001899N.html,http://home.xinhua-news.com/rss/newsdetaillink/b4ec75a127c363fd73b56e1684af3eb1/1670306408923
"用微信扫码二维码,分享至好友和朋友圈,
                        （原标题：得了新冠到底啥感觉？有无后遗症？8位治疗者、康复者亲历记）
                    ,资料图,12月4日，杭州发布优化调整疫情防控相关措施通告。新形势下，关于奥密克戎变异株的毒力等特点引起了广泛的社会关注。,奥密克戎致病性减弱？可视作普通感冒或大号流感对待吗？普通人感染症状多严重？应该如何治疗？康复后会留下后遗症吗？……,针对公众关心的热点问题，记者对话多名2022年感染过新冠病毒的受访者。他们有的是二三十岁的年轻人，也有年近半百的中年人，有的和我们在同一个城市，有的身居异国他乡，有的目前仍在定点医院隔离治疗，有的则已经康复。,我在杭州工作生活，对我来说，感染新冠病毒是一次偶然吧，因为疏忽大意，那天在公共场所没有戴口罩，没想到成为了密接者，被统一安排到隔离点进行隔离观察。,当时自己是没有任何不适症状，本以为自己会有惊无险地度过隔离的这几天，谁知道到了第三天，我的核酸检测结果呈阳性，随后转到杭州市西溪医院治疗。,入院时，我依然没有明显不适，直到当天晚上，症状才慢慢显现出来，出现咽痛、肌肉酸痛等症状，但没有出现高热。当时测了腋温是37.4℃，稍微有点高，吃了药睡了一会儿，热度很快就退下去了。,第二天早上起来，感觉有点乏力，胃口也不怎么样，除了吃饭、吃药、喝水，大部分时间我都在睡觉和休息。,大家最关心的是感染新冠病毒后的用药治疗，我按照医生的处方用药，还有医院自制的中药制剂，每天两次。还有就是大量喝水，我一天喝了2升左右的水，在水里泡一点维C泡腾片。,今天是入院第三天，早上一觉醒来，我感觉症状明显有所好转，不再像前一天那样昏昏欲睡，整个人精神状态也好了许多，这也让我更有信心了。,都说“病去如抽丝”，每个人的情况不一样，康复的速度也不一样。,我们有一个30岁出头的病友，他平时就喜欢运动的，抵抗力比较好，治疗期间心态也特别好，乐观、阳光，入院以后第三天，核酸检测就已经正常了。,通过这次的亲身经历，我也真实地感受了感染新冠病毒到底是怎样的体验，就把它当作是一场“普通感冒”，多喝水，好好休息，提高抵抗力，最重要的是心态放轻松，不要有心理负担。这个过程肯定会有点不舒服，但这些都会过去的。,资料图,我老家是外省的，11月回了一趟老家探亲，11月20日坐动车返回杭州。,因为外省回来，没想到当天晚上就检测出核酸阳性。这对我来说真的很意外，因为我回来路上防护一直都做得很好，除了喝水口罩几乎没拿下来过。而且三针疫苗我都打完了。,确诊之后我就转到了杭州市西溪医院，那时其实没什么不舒服的感觉，但心里很害怕。在病房里没事干，我就上网查可能出现的症状，网上各种信息和说法很多，看得我心里发慌，生怕这场病会改变我的人生。,住院的前两天我几乎没有症状，医生给了我一支体温计，我隔一会就量一下，体温一直正常的。,医生给我开了对症的药，还有他们医院的自制药剂，听说是专门针对新冠病毒的。,药喝下去之后，也不知道是不是心理作用，我感觉好受多了，胃口也不错，每顿都吃得不少。,到了第四、第五天，那也是我心里最担忧的几天，每天都追着医生问，能不能给我再开点药？医生说没必要。,好在难受的时间没有持续很久，一周之后我就开始慢慢好转了。现在回头想想，其实也没有我之前预想那么可怕，就和一次普通感冒差不多，我以前有几次重感冒，都比这次要严重很多。,出院之后可以活动了，我感觉体力和精神都恢复得蛮好，没有任何不适，也没有传说中那些后遗症。,资料图,我是一名快递员，已经在上海十多年了。我们这个行业每天在外面跑，感染风险其实蛮大的，公司要求严格，我自己也很注意，平时口罩戴得很严实，除了吃饭睡觉几乎都不拿下来。,但是我还是被确诊了。10月29日我核酸检测阳性，当天就住到隔离病房去了。,我平时体质还算可以的，已经四五年没有生病感冒过，以前偶尔感冒，也是自己喝点板蓝根就好了。住进去当天还没什么感觉，但睡了一觉醒来后我觉得人很累，嘴巴发干，喝了很多水都还是干，想咳嗽，而且整个人昏沉沉的。,那天我从下午就开始睡觉，半夜醒来的时候浑身是汗，冷得瑟瑟发抖。我又起来喝了很多热水，还是冷，一量体温，40.1℃。医生给我开了退烧药，吃完之后我很快又睡着了。,再醒来的时候体温降到了38℃，我嘴巴发干发苦，一点胃口都没有。体温忽高忽低，发烧持续了三天，嗓子也干痛得厉害，特别是咳嗽的时候，好像有人拿刀在嗓子口刮一样。,这三天我几乎没吃什么东西，人软趴趴的，有一回下床想上厕所，两条腿发软，差点摔在地上。我真的是感觉从来没有这么累过，以前一天跑几十个单子，楼梯上下十几层，现在每天躺在床上什么都不做，就是一点劲都没有。,住院的时候我很着急，因为多住一天，就少赚一天钱。我们站长人好，帮我跟公司报备了情况，不用扣钱，但休息太久，我自己心里也过意不去。我老婆劝我说，平时一年到头没几天休息的时间，就把这次生病当成是强制休假，好好休息一下。,我住院了半个月，后面烧退了，但还是老感觉没力气。医生说这段时间还是要注意休息和营养，现在我的工作量比之前也减少了，一天最多跑十几个单子，晚上也不熬夜了，基本上10点前睡觉。,前几天老婆还在跟我说，没有好身体，钱赚得再多也没用。以前觉得生病这件事离我很远，现在才意识到，健康真的太重要了。,到现在说起感染新冠病毒这件事，我还觉得有点莫名，因为从确诊到康复，我一直没有出现不适症状，也没有吃过药，生活也没有任何的变化。,我是土生土长的杭州人，平时生活蛮简单的，单位跟家两点一线，也搞不清楚到底是在哪里感染的。,如果一定要我想，有可能是国庆期间跟朋友聚餐，吃完饭等公交的时候，我口罩的带子断了，我就换了一个口罩，那个站台人很多，而且因为下雨，大家挤得比较紧。,我那段时间是每隔一天去做一次核酸检测，接到核酸阳性的消息时，我还在家里睡觉，当时就觉得很蒙，脑海里闪过的第一个想法就是：怎么会是我？,之后我就转到了杭州市西溪医院隔离治疗，途中我查了新冠可能出现的症状，发现自己一条都对不上，我觉得我应该就是那种 “无症状感染者”吧，要不是核酸检测，压根不会发现被感染。,我从小到大都是比较乐观的人，杭州医疗条件这么好，政府保障也这么好，我觉得到了医院很放心。,医院的盒饭挺好吃的，我以前上班经常吃外卖，有时候时间凑不上还饥一顿饱一顿，住院的这段时间，我吃得又规律，营养又均衡，胃口和气色甚至比之前还好了。,我爸妈很担心我，每天要给我打四五个视频电话，我跟他们说我什么事都没有，他们还不相信。我妈接我出院的时候，看我红光满面的，才相信我是真的没事。我回家后称了一下体重，住院14天居然还胖了两斤。,我觉得新冠并没有网上传得那么可怕，这段时间我身边的朋友都在囤药，我没有囤，我觉得听医生的话，勤洗手勤锻炼，增强免疫力，做好个人防护就可以了，没必要太过恐慌。,我是兰州人，因身体原因，尚未接种过疫苗。12月1日清晨5点多，我照常出门遛狗，回来没多久就出现了头痛的症状。我以为睡一觉会好，结果到了下午整个人都发冷。我第一时间怀疑自己是不是被新冠病毒感染了。看到小区业主群里有人在卖新冠病毒抗原试剂，就买了一盒。,按照说明一步步操作，我自己在鼻腔取了样，静待15分钟后，试剂盒上显示出了两条红线，“C”区颜色深，而“T”区颜色稍浅点。我“阳”了！,姑姑一家五口核酸检测都“阳”过，也是居家隔离靠吃药慢慢好起来的。对此，我没有过于害怕，只是把自己关进房间，尽量不让爸妈进来，连家里的小狗也没让进。,当时我觉得浑身发冷，乏力头晕，特别想睡觉。另外，还有关节疼痛的症状。,12月2日和3日两天，我大多数时间都在睡觉，也不知道有没有发烧，始终迷迷糊糊的。醒来我就喝热水， 500毫升的杯子每天5-6杯，然后继续盖上被子睡觉，让自己发汗。,那两天，我胃口很差，基本没有吃主食，只吃了一些橘子和梨。梨是我们这边的冻梨，把梨用花椒煮上，喝汤吃肉，这是老一辈祖传的治感冒的土方子。妈妈给我煮来吃，连续喝了两天。感冒药和喉咙痛的药我也吃了。,12月4日，第四天下午，我睡醒感觉身体好了很多，又测了一次抗原。结果“T”区这条红线已不明显，这时胃口好像也有了，晚上吃了碗热乎乎的面条，饭后还吃了辣条。,12月5日早上，感觉症状又好了些，早餐吃了馒头，还喝了点可乐，药没有再吃。我再次测了抗原，“T”这条红线已不再显示，感觉自己又“复活”了。现在一切好起来了，不舒服的症状和烦恼也都抛到了脑后。,资料图,10月底的一天周五，我下午出门逛街，当时没戴口罩，街上人流密度很大。逛完后坐公交车回家也没戴口罩，（平常我坐公交或者地铁都会戴上口罩，出站再摘），我估计就是那天感染的。,当天没有任何症状，第二天晚上我开始头晕，昏昏沉沉的，有点像是感冒的症状，当时心里有点怀疑会不会是感染了，但是没有太担心，就躺床上准备早点睡了。过了几个小时，快天亮那会儿开始浑身发热出汗，腰腿有些酸痛。然后我拿出体温计，每隔两到三小时测一次体温，体温范围在37.5℃到38℃左右。,那天下午，我让老公买了核酸自测盒带回家，测了一下结果是阳性。发现阳性后，我跟教授请了假，没有去上课。我老公还挺淡定的，没有做什么防护措施，他在今年7月的时候得过一次新冠，是被同住的室友传染的。当时我还在国内，微信聊天的时候，他跟我说就是发烧、头疼、牙疼，轻描淡写的，两天退烧，完全没有症状，大概一周时间。,知道我感染后，朋友给我推荐了当地药店能买到的一款含扑热息痛的感冒药。吃下去之后在家躺了两天，就完全不发烧了，其间最高温度不超过38℃，腰腿酸痛的情况也消失了。不过退烧之后喉咙开始痛了，这个还是蛮痛的。吃点润喉糖可以缓解一点，所以那几天我吃了很多润喉糖，靠它“续命”。,还有一点是咳嗽，从感染的第三四天开始咳嗽变得比较厉害，咳得“脑壳疼”。本来我想着烧都退了，没必要专门为了咳嗽吃药，咳了六七天感觉硬撑不行，就去买了止咳药，吃了之后效果倒挺好。,简单来说整个过程就是发烧、腿酸、咽痛还有咳嗽，咳嗽是持续时间最长的，真正所有症状都消失，完全好转大概两周左右，总体跟感冒差不多。其中有一周时间，我没去学校上课。至于啥时候转阴的，我也不确定，因为没发烧后我就不测抗原了。,原来我不怎么喜欢运动的，这次新冠好了之后，我特意在周日的一大早就跑去健身房锻炼了，增强体质，哈哈。,资料图,感染新冠是在今年春天，以我的亲身经历来说，奥密克戎完全不可怕。,身边基本所有的朋友都感染过了，我认识的华人里没有至今一直保持阴性的，有一段时间大家见面甚至都会日常询问“你阳了没？”,我也不知道怎么就感染上了，有一天突然感觉有点冷，当时我还在上班，这种感觉像是要发烧了，找同事借了温度计，一量38.1℃。只有发烧，其他没什么表现，我跟上司说了一声，手头的工作停下就回家了。在家自测了核酸，果然是两条杠，变成阳性了。,刚才我也说了，身边几乎所有朋友都得过新冠，以前就聊过感染之后什么感觉，应该做点什么，家里也是备着连花清瘟胶囊的。回去路上路过药店顺便买了点维C泡腾片，然后就开始居家休息。,居家那几天就是大量喝水，吃连花清瘟胶囊，吃维C，其他就是日常饮食。有时候躺在床上不想动，就少吃一餐或者点外卖送过来。居家第二天开始，我出现了咳嗽的症状，也不是很严重。每天上午、中午、下午各测一次体温，基本都在38℃上下浮动。,第三天晚上，热度彻底退了，没有再升上来过。两周时间，咳嗽痊愈，至此就完全没有症状了。,我看到网上很多人说会有味觉、嗅觉的短暂性丧失，这些在我身上都没有出现，一直都是正常的。还有很普遍的头疼、乏力这些表现我也没有，就是发烧和咳嗽。估计每个人的体质不一样，情况多多少少存在点区别。,我身边感染的人都是差不多的状况，没有特别严重，所以我们觉得奥密克戎就像是一场感冒，当然，该注意防护还是要注意防护，真“阳”了也别太担心。,今年9月底，我从国内回到加拿大多伦多的家，在国内打了两针疫苗，没有打加强针。去多伦多前，就已经了解到，那边的小伙伴几乎都已经感染过新冠病毒了。我反而成了唯二还没被感染的“异类”，还有一位男生，因为一直宅家鲜少出门，也一直没被感染。,在多伦多，我最大的社交圈就是这群小伙伴，经常约着一起打羽毛球。他们都是新冠康复者，我也没在怕的，平时见面也不怎么戴口罩，这样过了快两个月。,11月20日，我照例约小伙伴打球，队伍里，有个已经感染过新冠的朋友在咳嗽。那几天，多伦多天气很冷，在0℃左右。当天打完球回家，我稍微有点咳嗽，以为是感冒了。,11月21日，第二天，咳嗽稍微重了一点点，我没当回事。,11月22日，第三天，我跟着老爸在0℃的室外干活3个小时，回到家症状加重，有些头晕，嗓子里像有东西堵住了，但又咳不出痰，有点昏昏欲睡的感觉。我预感自己可能中招了，拿出抗原自测，果然，两条杠！,当天中午11点左右，我吃完饭倒头睡下，到12点，浑身发烫，被烧醒了。咳嗽厉害起来，一咳就一口痰。一测体温，42℃。那种感觉太难受了，浑身酸痛、乏力，但奇怪的是，高烧了一个下午，没出一滴汗。,老爸老妈拿湿毛巾为我擦拭身体，做物理降温。另外，每隔一小时，他们就用泡腾片给我泡一杯VC喝。因为热度太高，中间吃了一颗退烧药。还喝了两勺川贝枇杷膏泡的水。当天晚上，热度明显下来了，晚上八九点钟，虽然还有点发热，但不高，37.6℃。这一天我几乎没怎么吃东西，没胃口。,11月23日，第四天，发烧还是有点反反复复，体温一直在36.5℃到38.5℃之间徘徊。头晕的症状还是有一点，嗓子特别疼的时候，吃了两颗止咳糖。我能明显感觉到身体在恢复。,11月24日，第五天，在床上躺了一天半后，我有力气起床了。这时的我，体温已恢复正常，连咳嗽咳痰都几乎消失了。,11月25日，第六天，一切正常，在家抗原自测，病毒转阴了。,11月26日，第七天，再次做了抗原检测，依旧阴性。当天晚上，我就约上小伙伴去打球了。,新冠来也匆匆，去也匆匆。从感染、高热到病毒转阴，身体恢复正常，满打满算一周时间。这期间，最难过的可能就是第三天和第四天，主要还是高烧影响，人没精神，建议大家还是要吃退烧药，尽可能快点把体温降下来。至于嗓子疼，有点像急性咽炎的感觉，吃了止咳糖，很快就好转了。这七天，我服用的药物，就是一颗退烧药，两颗止咳糖以及两勺川贝枇杷膏。,没感染新冠之前还挺紧张的，真正经历了新冠，觉得也没什么大不了。我和朋友开玩笑，都说得了新冠会瘦，我还没来得及瘦，病就好了。,我总结一下，戴口罩还是很重要，另外一定要提高自身免疫力，多运动很重要。我老爸老妈也都感染过新冠了，老爸喜欢打高尔夫，感染后恢复得挺快，老妈喜欢宅家，在电脑里打打牌，打打麻将，她从感染到彻底恢复健康，差不多花了一个月时间。最近这两天，老妈又有点咳嗽咳痰的症状，希望不是再次中招。,（为保护受访者隐私，文内人物为化名）",上观新闻,HNTEFI8R00018AOQ,2022-12-06 12:10:21,得了新冠到底啥感觉？有无后遗症？8位治疗者、康复者亲历记,https://www.163.com/news/article/HNTEFI8R00018AOQ.html,https://export.shobserver.com/baijiahao/html/558427.html
"用微信扫码二维码,分享至好友和朋友圈,
                        （原标题：国防部新闻发言人谭克非就美方2022年《中国军事与安全发展报告》发表谈话）
                    ,资料图,近日，美国国防部发布2022年度《中国军事与安全发展报告》，歪曲中国国防政策和军事战略，无端臆测中国军力发展，在台湾问题上粗暴干涉中国内政，这是其渲染炒作所谓“中国军事威胁”的惯用伎俩。中方对此表示强烈不满和坚决反对，已向美方提出严正交涉。,中国坚持走和平发展道路，奉行防御性的国防政策，始终是世界和平的建设者、全球发展的贡献者、国际秩序的维护者。中国发展军力旨在维护国家主权、安全和发展利益，无论发展到什么程度，永远不称霸、永远不搞扩张。反观美国，建国近250年仅16年没打仗，为一己私利四处煽风点火，在世界上制造分裂和对抗，所到之处带去的多是动荡和灾难。事实一再证明，美国是世界和平稳定的最大麻烦制造者、最大破坏者。,台湾是中国的台湾，解决台湾问题是中国人自己的事，由中国人来决定。当前，美方一些人抱守“以台制华”幻想，民进党当局妄图“倚美谋独”，这是造成台海局势紧张的根源。我们致力于保持台海和平稳定，但决不承诺放弃使用武力，保留采取一切必要措施的选项。中国军队有信心、有能力挫败任何外部干涉和“台独”分裂图谋，实现祖国完全统一。,美国在报告中对中国核力量现代化指手画脚、妄加揣测，实际上最应该深刻检讨反思自身核政策。美国拥有世界上最庞大核武库，持续升级“三位一体”核力量，大力发展并谋求前沿部署战术核武器，降低核武器使用门槛，通过美英澳三边安全伙伴关系进行核扩散，日益成为核冲突的源头。需要强调的是，中国坚定奉行自卫防御的核战略,始终恪守任何时候和任何情况下不首先使用核武器的政策，把核力量维持在国家安全需要的最低水平。,我们敦促美方摒弃冷战思维，纠正对华错误认知，客观理性看待中国国防和军队建设，停止发表错误言论和有关报告，切实以实际行动推动两国两军关系重回健康稳定发展轨道。,媒体:美国突然曝光""大杀器"" 对中国到底构成何种威胁?,虽然揭幕式时间非常短暂，而且那架B-21轰炸机的原型机只是在诺斯罗普·格鲁曼公司的工厂机库里，羞答答地露了一个“正脸”，但这不妨碍美国军方借此把气氛炒得异常火热。,用美国人的话说，这时隔30年研发的新一代隐形轰炸机，有着清晰的针对目标：,作为美国B-2隐形轰炸机的下一代，作为准备大面积替换美军B-1和B-2系列轰炸机的B-21，到底有什么更先进的地方？,1,美国最新一代隐形轰炸机B-21公开亮相,作为美国的“第六代攻击机”， B-21“突袭者”具备了无人驾驶能力，这在B-2隐形轰炸机上是没有的。,从地位上看，B-21“突袭者”隐形轰炸机可以携带常规弹药，也可以投射核武器。因此它是美国“三位一体”核威慑力量的组成部分。,美国的核威慑力量包括三个“支柱”：陆基发射井式洲际弹道导弹，海基潜射战略导弹和战略轰炸机。B-21轰炸机代表着美军空基核力量的现代化。,奥斯汀说得也很直白，B-21隐形轰炸机的出现，证明了美国长期致力于打造先进的军事能力，以加强美国在今天和未来的威慑能力。,包括奥斯汀在内，现场出席活动的美军人员和制造商诺斯罗普·格鲁曼公司的高层，都对B-21的优点给予夸赞，而且溢于言表。,作为外形上与B-2非常相近的，采用飞翼式布局的B-21“突袭者”轰炸机，据称隐形能力比B-2更加优异，不仅在机体上采用新型隐形吸波涂料，而且在细微之处，设计上也做出调整，反射雷达波更低。,用奥斯汀的话说，过去50年来，美国隐形技术的进步，都用在了B-21“突袭者”轰炸机上。而且他还夸下海口，“即使是最先进的防空系统，也很难发现空中的B-21”。,B-2虽然是隐形轰炸机，但是其具备初始作战能力还是上世纪80年代末。那时候飞机采用的电子设备和软件系统，可想而知已经落伍了。,而B-21“突袭者”是在互联网云时代的背景下设计的，所以其机舱内采用的软件系统非常先进，而且可以方便地进行各种升级，可以精确地处理各种指令。第一时间将飞机的资料上传到云端，方便作战指挥部门实时了解战况、下达命令。,资料图,所以，B-21很可能不是一架架的飞机，而是在一个庞大的网络中的武器，可以执行常规远程打击，还可以搜集情报、监视和侦察。同时，搭载不同的硬件后，可能还具备电子攻击和与无人机协同进攻的能力。,从奥斯汀和美国空军部长肯德尔的讲话看，他们需要一种属于21世纪的新型轰炸机，让美国能够有能力应对“更复杂的威胁”。从战略上看，华盛顿把俄罗斯视为目前最重要的威胁，把中国视为未来长期“最首要的威胁”。,美国空军参谋长布朗表示， B-21轰炸机至少要建造100架。尽管五角大楼没对外说明成本与维护细节，外界研判目前B-21成本虽在7.5亿美元，若要交付100架，整个B-21轰炸机的成本会达到1000亿美元。,2,同样是在12月2日，作为美国在亚太最重要的军事“帮手”，日本也有所动作。,作为日本执政党的自民党和公明党，于2日当天在一次会议上就打击敌方导弹基地的“反击能力”达成的共识，同意将其纳入本年度末计划修改的《国家安全保障战略》等三份安保相关文件，但对于是否将中国认定为“威胁”尚未有定论。,资料图,组建“冲绳防卫集团”，也将被写入月底推出的三份安保文件中。,所谓“冲绳防卫集团”将以陆上自卫队第15旅为基础进行扩充。第15旅成立于2010年，现有2000人左右，包括步兵团、防空特种团和侦查团，总部设在冲绳县那霸市。,多名政府官员透露，计划将第15旅增至3000余人，指挥官的军衔也由现在的中将升至上将军衔，这是日本自卫队的最高军衔。由此，第15旅被升级为“冲绳防卫集团”，作为在西南诸岛防卫中发挥核心作用的新队伍。,日媒称，“冲绳防卫集团”成立后，一旦出现紧急情况，就可将部队从冲绳本岛灵活部署至离岛，争取大部队支援的时间，以此提高威慑力。,日媒还具体描述了“冲绳防卫集团”的其他可能任务：它将负责在紧急情况下与地方政府密切合作疏散民众、加强民防，并建立一个收集和传播信息的系统，应对在紧急情况下通过散布虚假信息来影响居民的“认知战”。,这种臆想是极为危险的。中国驻日本大使孔铉佑表示，这不仅严重背离中日间既有政治共识，还可能使日本脱离和平发展轨道，滑向地缘对抗深渊。,然而，遗憾的是，近一段时间以来，基于对所谓“台湾有事”的不必要担忧，日本在加强西南诸岛防卫上做了不少事。,比如，东京决定在西南诸岛部署水下无人潜航器和无人水面艇，通过组建“无人作战部队”，希望布设水雷以有效阻碍对手“从海上进攻西南诸岛”，或是扫除对方水雷的“海上封锁”。,资料图,媒体还曾爆出，日本政府计划将1000枚以上的远程巡航导弹，以西南诸岛到九州为中心进行部署，旨在缩小与中国的“导弹差距”。,上个月，作为日本自卫队与美军以琉球群岛（日本称南西诸岛）为中心实施的“利剑”大规模演习的一环，陆上自卫队最新锐的16式机动装甲战车首次开进了日本最西端县域——与那国岛。,3,因为在美国媒体的报道中，着重提到了B-21与B-2隐形轰炸机相比，一个非常重要的特点就是能够实现前沿部署。,过去B-2隐形轰炸机机体过于庞大，而且机身的隐形涂料，内部的设施过于“娇气”，必须有专门的机库和维护人员。如果不能实现机库的恒温恒湿或者环境温度过高，B-2的隐形涂料就会受损。,所以，在执行作战任务时，B-2隐形轰炸机不得不从美国本土的空军基地起飞，这就限制了B-2的作战效率。,B-21“突袭者”具备了无人驾驶能力,这样一来，有分析认为，驻日美军基地、关岛和澳大利亚这几个亚太重要地点，都可能成为未来B-21部署的地点。,B-21未来能生产多少架，能不能真的达到100架，还要看这种轰炸机未来展现出的性能和各方面能力能否满足美军的需要。因为，随着科技的进步和地缘战略环境的变化，美军作战目标和需求也会发生变化。,比如，当年美国人设计建造B-2隐形轰炸机的时候也是雄心勃勃，要造上百架，但因为造价太过高昂等原因，最后只生产了20余架。,所以，B-21隐形轰炸机未来能不能满足美军需要，还要画个问号。,还有一个例子，就是美国的濒海战斗舰，当初相关建造计划也是搞得轰轰烈烈，但最后以一个烂摊子结束，不得不提前退役。,另外，B-21之所以被定名为“突袭者”，目的也是想把它当做一个“矛”，突破对手的防御。一位军事专家告诉“补壹刀”，军事上有矛就有盾，虽然美国 B-21算是“更强的矛”，但是，一定会有更强的盾。,这种性能比以往更强的雷达系统，能够更细微地发现蛛丝马迹，你的隐形机飞进来，既然是一个物体就肯定有特征，那么快的飞行速度，那么大的体积，还有喷气发动机喷口的火焰，所有这些特征就能确保，只要雷达技术足够先进，总是能发现隐形飞机的信号。,资料图,我们的导弹射程足以覆盖第二岛链。如果B-21部署到关岛，或者驻日美军基地、澳大利亚军事基地，只要它敢对中国的利益做出侵害的行为，我们的导弹必然覆盖。,图片来自网络,
                    ",国防部发布,HNTCNEAD0001899N,2022-12-06 11:40:43,国防部新闻发言人谭克非就美方2022年《中国军事与安全发展报告》发表谈话,https://www.163.com/news/article/HNTCNEAD0001899N.html,https://mp.weixin.qq.com/s/y_q-WTK27pYgGBEmlBiKRg
